name,quantity,price,total,cutomerNumber,transactionID,timeDate,transaction_date,transaction_month,transaction_year,transaction_day,transaction_hour,transaction_minute,transaction_week,transaction_weekNum
Charkoli,1.0,250,250.0,98265xxxx,1604963246,2020-11-10 04:37:26,2020-11-10,11,2020,10,4,37,46,2
Ghujia,0.5,400,200.0,8871256xxxx,1604494326,2020-11-04 18:22:06,2020-11-04,11,2020,4,18,22,45,3
Mathri,0.25,250,62.5,91099xxxx,1604654770,2020-11-06 14:56:10,2020-11-06,11,2020,6,14,56,45,5
Anarsa,0.5,300,150.0,9406200xxxx,1604583455,2020-11-05 19:07:35,2020-11-05,11,2020,5,19,7,45,4
Ghujia,1.0,400,400.0,97130xxxx,1605136127,2020-11-12 04:38:47,2020-11-12,11,2020,12,4,38,46,4
Khaja,1.0,300,300.0,8889554xxxx,1604991990,2020-11-10 12:36:30,2020-11-10,11,2020,10,12,36,46,2
Khurmi,0.5,300,150.0,91654xxxx,1604722010,2020-11-07 09:36:50,2020-11-07,11,2020,7,9,36,45,6
Laddu,1.0,400,400.0,86022xxxx,1604481160,2020-11-04 14:42:40,2020-11-04,11,2020,4,14,42,45,3
Ghujia,1.0,400,400.0,91099xxxx,1604647210,2020-11-06 12:50:10,2020-11-06,11,2020,6,12,50,45,5
Laddu,0.5,400,200.0,9981542xxxx,1604759351,2020-11-07 19:59:11,2020-11-07,11,2020,7,19,59,45,6
Bidia,0.25,250,62.5,9993978xxxx,1604541808,2020-11-05 07:33:28,2020-11-05,11,2020,5,7,33,45,4
Khurmi,0.25,300,75.0,91654xxxx,1604462167,2020-11-04 09:26:07,2020-11-04,11,2020,4,9,26,45,3
Sev,0.25,250,62.5,xxxx,1604693901,2020-11-07 01:48:21,2020-11-07,11,2020,7,1,48,45,6
Thetri,0.5,250,125.0,9340842xxxx,1604609599,2020-11-06 02:23:19,2020-11-06,11,2020,6,2,23,45,5
Khaja,1.0,300,300.0,6262777xxxx,1604886363,2020-11-09 07:16:03,2020-11-09,11,2020,9,7,16,46,1
Laddu,1.0,400,400.0,91099xxxx,1604451670,2020-11-04 06:31:10,2020-11-04,11,2020,4,6,31,45,3
Anarsa,0.5,300,150.0,9981542xxxx,1604999951,2020-11-10 14:49:11,2020-11-10,11,2020,10,14,49,46,2
Khaja,1.0,300,300.0,98261xxxx,1605123958,2020-11-12 01:15:58,2020-11-12,11,2020,12,1,15,46,4
Laddu,0.5,400,200.0,79995xxxx,1604369900,2020-11-03 07:48:20,2020-11-03,11,2020,3,7,48,45,2
Namkeen,0.5,200,100.0,94255xxxx,1604937246,2020-11-09 21:24:06,2020-11-09,11,2020,9,21,24,46,1
Sev,0.5,250,125.0,8889554xxxx,1604890650,2020-11-09 08:27:30,2020-11-09,11,2020,9,8,27,46,1
LaiBadi,0.5,300,150.0,91099xxxx,1604577010,2020-11-05 17:20:10,2020-11-05,11,2020,5,17,20,45,4
Laddu,1.0,400,400.0,98264xxxx,1604871888,2020-11-09 03:14:48,2020-11-09,11,2020,9,3,14,46,1
BundiLaddu,0.25,200,50.0,99810xxxx,1604802021,2020-11-08 07:50:21,2020-11-08,11,2020,8,7,50,45,7
Mixture1,0.5,200,100.0,97554xxxx,1604822290,2020-11-08 13:28:10,2020-11-08,11,2020,8,13,28,45,7
Khaja,1.0,300,300.0,93000xxxx,1604625149,2020-11-06 06:42:29,2020-11-06,11,2020,6,6,42,45,5
Sev,0.5,250,125.0,9340597xxxx,1604887984,2020-11-09 07:43:04,2020-11-09,11,2020,9,7,43,46,1
MixtureChiwda,0.5,250,125.0,9575945xxxx,1604811189,2020-11-08 10:23:09,2020-11-08,11,2020,8,10,23,45,7
Papchi,0.5,300,150.0,8889554xxxx,1604394210,2020-11-03 14:33:30,2020-11-03,11,2020,3,14,33,45,2
Ghujia,0.5,400,200.0,9575945xxxx,1604373069,2020-11-03 08:41:09,2020-11-03,11,2020,3,8,41,45,2
Anarsa,0.5,300,150.0,7974476xxxx,1605042764,2020-11-11 02:42:44,2020-11-11,11,2020,11,2,42,46,3
Ghujia,0.25,400,100.0,99810xxxx,1604465661,2020-11-04 10:24:21,2020-11-04,11,2020,4,10,24,45,3
Khaja,0.25,300,75.0,9301334xxxx,1604724298,2020-11-07 10:14:58,2020-11-07,11,2020,7,10,14,45,6
Mathri,1.0,250,250.0,98265xxxx,1605242306,2020-11-13 10:08:26,2020-11-13,11,2020,13,10,8,46,5
Pidia,0.5,400,200.0,95759xxxx,1605069571,2020-11-11 10:09:31,2020-11-11,11,2020,11,10,9,46,3
Namkeen,1.0,200,200.0,9340597xxxx,1604539264,2020-11-05 06:51:04,2020-11-05,11,2020,5,6,51,45,4
Pidia,0.5,400,200.0,9926155xxxx,1604459244,2020-11-04 08:37:24,2020-11-04,11,2020,4,8,37,45,3
Pidia,1.0,400,400.0,6262777xxxx,1604276823,2020-11-02 05:57:03,2020-11-02,11,2020,2,5,57,45,1
Khurmi,0.5,300,150.0,9340842xxxx,1604611459,2020-11-06 02:54:19,2020-11-06,11,2020,6,2,54,45,5
Pidia,0.5,400,200.0,8602447xxxx,1604718541,2020-11-07 08:39:01,2020-11-07,11,2020,7,8,39,45,6
Charkoli,0.5,250,125.0,98261xxxx,1604888938,2020-11-09 07:58:58,2020-11-09,11,2020,9,7,58,46,1
Charkoli,0.5,250,125.0,9993978xxxx,1604542108,2020-11-05 07:38:28,2020-11-05,11,2020,5,7,38,45,4
Pidia,1.0,400,400.0,9827162xxxx,1604792939,2020-11-08 05:18:59,2020-11-08,11,2020,8,5,18,45,7
Ghujia,0.5,400,200.0,9993978xxxx,1604799268,2020-11-08 07:04:28,2020-11-08,11,2020,8,7,4,45,7
Laddu,1.0,400,400.0,86022xxxx,1604808160,2020-11-08 09:32:40,2020-11-08,11,2020,8,9,32,45,7
Khaja,0.5,300,150.0,9406200xxxx,1604977663,2020-11-10 08:37:43,2020-11-10,11,2020,10,8,37,46,2
Anarsa,1.0,300,300.0,98274xxxx,1604707856,2020-11-07 05:40:56,2020-11-07,11,2020,7,5,40,45,6
Ghujia,0.5,400,200.0,79995xxxx,1604469140,2020-11-04 11:22:20,2020-11-04,11,2020,4,11,22,45,3
Pidia,0.25,400,100.0,88396xxxx,1604905401,2020-11-09 12:33:21,2020-11-09,11,2020,9,12,33,46,1
Sev,0.25,250,62.5,xxxx,1604533521,2020-11-05 05:15:21,2020-11-05,11,2020,5,5,15,45,4
Sakkarpara,0.5,250,125.0,9981542xxxx,1604314451,2020-11-02 16:24:11,2020-11-02,11,2020,2,16,24,45,1
LaiBadi,0.5,300,150.0,9691855xxxx,1604475990,2020-11-04 13:16:30,2020-11-04,11,2020,4,13,16,45,3
Khaja,1.0,300,300.0,98274xxxx,1604907596,2020-11-09 13:09:56,2020-11-09,11,2020,9,13,9,46,1
Thetri,0.5,250,125.0,79995xxxx,1604955020,2020-11-10 02:20:20,2020-11-10,11,2020,10,2,20,46,2
Namkeen,0.5,200,100.0,91654xxxx,1604722970,2020-11-07 09:52:50,2020-11-07,11,2020,7,9,52,45,6
Anarsa,0.5,300,150.0,9406200xxxx,1604703459,2020-11-07 04:27:39,2020-11-07,11,2020,7,4,27,45,6
Ghujia,0.5,400,200.0,98261xxxx,1605144859,2020-11-12 07:04:19,2020-11-12,11,2020,12,7,4,46,4
Sakkarpara,1.0,250,250.0,6262777xxxx,1605080523,2020-11-11 13:12:03,2020-11-11,11,2020,11,13,12,46,3
Sev,0.5,250,125.0,7006xxxx,1604716684,2020-11-07 08:08:04,2020-11-07,11,2020,7,8,8,45,6
Anarsa,0.5,300,150.0,9826174xxxx,1605065690,2020-11-11 09:04:50,2020-11-11,11,2020,11,9,4,46,3
Ghujia,0.5,400,200.0,9926155xxxx,1604391804,2020-11-03 13:53:24,2020-11-03,11,2020,3,13,53,45,2
Ghujia,0.5,400,200.0,90985xxxx,1604627207,2020-11-06 07:16:47,2020-11-06,11,2020,6,7,16,45,5
Namkeen,0.25,200,50.0,91654xxxx,1604897467,2020-11-09 10:21:07,2020-11-09,11,2020,9,10,21,46,1
Laddu,1.0,400,400.0,86022xxxx,1604907040,2020-11-09 13:00:40,2020-11-09,11,2020,9,13,0,46,1
Ghujia,1.0,400,400.0,9425208xxxx,1605108807,2020-11-11 21:03:27,2020-11-11,11,2020,11,21,3,46,3
Anarsa,0.5,300,150.0,9425208xxxx,1605051627,2020-11-11 05:10:27,2020-11-11,11,2020,11,5,10,46,3
Ghujia,0.5,400,200.0,78281xxxx,1604893683,2020-11-09 09:18:03,2020-11-09,11,2020,9,9,18,46,1
Charkoli,0.5,250,125.0,`99078xxxx,1605161209,2020-11-12 11:36:49,2020-11-12,11,2020,12,11,36,46,4
Sev,0.5,250,125.0,79995xxxx,1604701700,2020-11-07 03:58:20,2020-11-07,11,2020,7,3,58,45,6
Charkoli,0.5,250,125.0,9301334xxxx,1604804878,2020-11-08 08:37:58,2020-11-08,11,2020,8,8,37,45,7
Ghujia,1.0,400,400.0,6262777xxxx,1604385663,2020-11-03 12:11:03,2020-11-03,11,2020,3,12,11,45,2
Namkeen,1.0,200,200.0,6262777xxxx,1604986263,2020-11-10 11:01:03,2020-11-10,11,2020,10,11,1,46,2
Khaja,1.0,300,300.0,9575991xxxx,1604606764,2020-11-06 01:36:04,2020-11-06,11,2020,6,1,36,45,5
Sev,1.0,250,250.0,98265xxxx,1604805866,2020-11-08 08:54:26,2020-11-08,11,2020,8,8,54,45,7
Anarsa,1.0,300,300.0,6262777xxxx,1604889723,2020-11-09 08:12:03,2020-11-09,11,2020,9,8,12,46,1
Ghujia,1.0,400,400.0,9340597xxxx,1604603884,2020-11-06 00:48:04,2020-11-06,11,2020,6,0,48,45,5
Charkoli,0.25,250,62.5,xxxx,1605206721,2020-11-13 00:15:21,2020-11-13,11,2020,13,0,15,46,5
Ghujia,0.5,400,200.0,91654xxxx,1604837947,2020-11-08 17:49:07,2020-11-08,11,2020,8,17,49,45,7
Khaja,1.0,300,300.0,98261xxxx,1604823521,2020-11-08 13:48:41,2020-11-08,11,2020,8,13,48,45,7
Ghujia,0.5,400,200.0,9691855xxxx,1604475150,2020-11-04 13:02:30,2020-11-04,11,2020,4,13,2,45,3
Anarsa,0.5,300,150.0,95759xxxx,1605037951,2020-11-11 01:22:31,2020-11-11,11,2020,11,1,22,46,3
Ghujia,1.0,400,400.0,8871256xxxx,1605079506,2020-11-11 12:55:06,2020-11-11,11,2020,11,12,55,46,3
Anarsa,0.25,300,75.0,xxxx,1605127341,2020-11-12 02:12:21,2020-11-12,11,2020,12,2,12,46,4
Ghujia,0.5,400,200.0,99261xxxx,1604989160,2020-11-10 11:49:20,2020-11-10,11,2020,10,11,49,46,2
Pidia,0.5,400,200.0,9691855xxxx,1604893770,2020-11-09 09:19:30,2020-11-09,11,2020,9,9,19,46,1
Anarsa,0.5,300,150.0,9406200xxxx,1604704123,2020-11-07 04:38:43,2020-11-07,11,2020,7,4,38,45,6
Namkeen,0.25,200,50.0,91654xxxx,1604724187,2020-11-07 10:13:07,2020-11-07,11,2020,7,10,13,45,6
Sakkarpara,0.5,250,125.0,93000xxxx,1604956769,2020-11-10 02:49:29,2020-11-10,11,2020,10,2,49,46,2
Sev,0.5,250,125.0,9981542xxxx,1604393591,2020-11-03 14:23:11,2020-11-03,11,2020,3,14,23,45,2
Namkeen,0.5,200,100.0,7006xxxx,1604546584,2020-11-05 08:53:04,2020-11-05,11,2020,5,8,53,45,4
Anarsa,0.5,300,150.0,9827115xxxx,1604323105,2020-11-02 18:48:25,2020-11-02,11,2020,2,18,48,45,1
Khaja,1.0,300,300.0,91099xxxx,1604400190,2020-11-03 16:13:10,2020-11-03,11,2020,3,16,13,45,2
Mixture1,1.0,200,200.0,98265xxxx,1604519846,2020-11-05 01:27:26,2020-11-05,11,2020,5,1,27,45,4
Khaja,1.0,300,300.0,94252xxxx,1604552455,2020-11-05 10:30:55,2020-11-05,11,2020,5,10,30,45,4
Khaja,0.5,300,150.0,98261xxxx,1604983759,2020-11-10 10:19:19,2020-11-10,11,2020,10,10,19,46,2
MixtureChiwda,0.5,250,125.0,9425208xxxx,1604434887,2020-11-04 01:51:27,2020-11-04,11,2020,4,1,51,45,3
Anarsa,0.5,300,150.0,97554xxxx,1604732590,2020-11-07 12:33:10,2020-11-07,11,2020,7,12,33,45,6
Laddu,0.5,400,200.0,9691855xxxx,1604306670,2020-11-02 14:14:30,2020-11-02,11,2020,2,14,14,45,1
Namkeen,0.5,200,100.0,83198xxxx,1604832353,2020-11-08 16:15:53,2020-11-08,11,2020,8,16,15,45,7
Ghujia,0.25,400,100.0,9977690xxxx,1604460437,2020-11-04 08:57:17,2020-11-04,11,2020,4,8,57,45,3
Charkoli,0.5,250,125.0,93025xxxx,1604982913,2020-11-10 10:05:13,2020-11-10,11,2020,10,10,5,46,2
Pidia,0.25,400,100.0,88396xxxx,1605074361,2020-11-11 11:29:21,2020-11-11,11,2020,11,11,29,46,3
Sev,0.5,250,125.0,79995xxxx,1604357900,2020-11-03 04:28:20,2020-11-03,11,2020,3,4,28,45,2
Ghujia,0.5,400,200.0,8889554xxxx,1604891370,2020-11-09 08:39:30,2020-11-09,11,2020,9,8,39,46,1
Charkoli,1.0,250,250.0,9425208xxxx,1605144867,2020-11-12 07:04:27,2020-11-12,11,2020,12,7,4,46,4
Khaja,0.5,300,150.0,9406200xxxx,1604594743,2020-11-05 22:15:43,2020-11-05,11,2020,5,22,15,45,4
Pidia,0.5,400,200.0,79995xxxx,1604617040,2020-11-06 04:27:20,2020-11-06,11,2020,6,4,27,45,5
Pidia,0.5,400,200.0,xxxx,1604377614,2020-11-03 09:56:54,2020-11-03,11,2020,3,9,56,45,2
Namkeen,0.5,200,100.0,94255xxxx,1604608026,2020-11-06 01:57:06,2020-11-06,11,2020,6,1,57,45,5
Ghujia,1.0,400,400.0,9229265xxxx,1605069370,2020-11-11 10:06:10,2020-11-11,11,2020,11,10,6,46,3
Ghujia,1.0,400,400.0,6262777xxxx,1604720223,2020-11-07 09:07:03,2020-11-07,11,2020,7,9,7,45,6
Mathri,1.0,250,250.0,98265xxxx,1604538746,2020-11-05 06:42:26,2020-11-05,11,2020,5,6,42,45,4
Anarsa,0.25,300,75.0,xxxx,1605147321,2020-11-12 07:45:21,2020-11-12,11,2020,12,7,45,46,4
Ghujia,0.5,400,200.0,98268xxxx,1604894047,2020-11-09 09:24:07,2020-11-09,11,2020,9,9,24,46,1
Ghujia,0.25,400,100.0,99810xxxx,1605069441,2020-11-11 10:07:21,2020-11-11,11,2020,11,10,7,46,3
Khaja,0.5,300,150.0,9406200xxxx,1604841455,2020-11-08 18:47:35,2020-11-08,11,2020,8,18,47,45,7
Ghujia,1.0,400,400.0,9981542xxxx,1604912771,2020-11-09 14:36:11,2020-11-09,11,2020,9,14,36,46,1
Laddu,1.0,400,400.0,9893211xxxx,1604481235,2020-11-04 14:43:55,2020-11-04,11,2020,4,14,43,45,3
Khaja,1.0,300,300.0,8889554xxxx,1604313750,2020-11-02 16:12:30,2020-11-02,11,2020,2,16,12,45,1
Charkoli,1.0,250,250.0,8889554xxxx,1604456610,2020-11-04 07:53:30,2020-11-04,11,2020,4,7,53,45,3
LaiBadi,0.5,300,150.0,9993978xxxx,1604633248,2020-11-06 08:57:28,2020-11-06,11,2020,6,8,57,45,5
Khaja,0.25,300,75.0,9301334xxxx,1604638978,2020-11-06 10:32:58,2020-11-06,11,2020,6,10,32,45,5
Anarsa,0.25,300,75.0,9575991xxxx,1604819284,2020-11-08 12:38:04,2020-11-08,11,2020,8,12,38,45,7
Khaja,1.0,300,300.0,91099xxxx,1604480290,2020-11-04 14:28:10,2020-11-04,11,2020,4,14,28,45,3
Khaja,0.25,300,75.0,91099xxxx,1604897650,2020-11-09 10:24:10,2020-11-09,11,2020,9,10,24,46,1
Khaja,0.5,300,150.0,`99078xxxx,1605050089,2020-11-11 04:44:49,2020-11-11,11,2020,11,4,44,46,3
Pidia,1.0,400,400.0,93000xxxx,1604379389,2020-11-03 10:26:29,2020-11-03,11,2020,3,10,26,45,2
Sev,1.0,250,250.0,98265xxxx,1605138746,2020-11-12 05:22:26,2020-11-12,11,2020,12,5,22,46,4
UradBari,0.25,400,100.0,9301334xxxx,1604884258,2020-11-09 06:40:58,2020-11-09,11,2020,9,6,40,46,1
Pidia,1.0,400,400.0,9827162xxxx,1605065579,2020-11-11 09:02:59,2020-11-11,11,2020,11,9,2,46,3
Namkeen,1.0,200,200.0,83198xxxx,1605140693,2020-11-12 05:54:53,2020-11-12,11,2020,12,5,54,46,4
LaiBadi,0.5,300,150.0,9691855xxxx,1604613030,2020-11-06 03:20:30,2020-11-06,11,2020,6,3,20,45,5
Khaja,1.0,300,300.0,6262777xxxx,1604439123,2020-11-04 03:02:03,2020-11-04,11,2020,4,3,2,45,3
DawaiLaddu,1.0,700,700.0,9691440xxxx,1604725779,2020-11-07 10:39:39,2020-11-07,11,2020,7,10,39,45,6
Ghujia,0.5,400,200.0,90985xxxx,1604786987,2020-11-08 03:39:47,2020-11-08,11,2020,8,3,39,45,7
Sakkarpara,1.0,250,250.0,6262777xxxx,1604648103,2020-11-06 13:05:03,2020-11-06,11,2020,6,13,5,45,5
Pidia,0.5,400,200.0,95759xxxx,1604716171,2020-11-07 07:59:31,2020-11-07,11,2020,7,7,59,45,6
Ghujia,0.5,400,200.0,98268xxxx,1604605027,2020-11-06 01:07:07,2020-11-06,11,2020,6,1,7,45,5
Pidia,0.5,400,200.0,9575991xxxx,1604268364,2020-11-02 03:36:04,2020-11-02,11,2020,2,3,36,45,1
Ghujia,1.0,400,400.0,8889554xxxx,1604712690,2020-11-07 07:01:30,2020-11-07,11,2020,7,7,1,45,6
Mixture1,0.25,200,50.0,78281xxxx,1604480043,2020-11-04 14:24:03,2020-11-04,11,2020,4,14,24,45,3
Ghujia,1.0,400,400.0,97130xxxx,1604716667,2020-11-07 08:07:47,2020-11-07,11,2020,7,8,7,45,6
Laddu,0.25,400,100.0,88396xxxx,1604564661,2020-11-05 13:54:21,2020-11-05,11,2020,5,13,54,45,4
KariLaddu,1.0,300,300.0,9926155xxxx,1604719464,2020-11-07 08:54:24,2020-11-07,11,2020,7,8,54,45,6
MixtureChiwda,1.0,250,250.0,8602447xxxx,1604554801,2020-11-05 11:10:01,2020-11-05,11,2020,5,11,10,45,4
Khurmi,0.25,300,75.0,91654xxxx,1604916547,2020-11-09 15:39:07,2020-11-09,11,2020,9,15,39,46,1
Khaja,1.0,300,300.0,91099xxxx,1604394130,2020-11-03 14:32:10,2020-11-03,11,2020,3,14,32,45,2
RaitaBundi,0.25,200,50.0,9993978xxxx,1604744668,2020-11-07 15:54:28,2020-11-07,11,2020,7,15,54,45,6
Pidia,0.5,400,200.0,77240xxxx,1604869953,2020-11-09 02:42:33,2020-11-09,11,2020,9,2,42,46,1
Anarsa,0.5,300,150.0,9826174xxxx,1604683010,2020-11-06 22:46:50,2020-11-06,11,2020,6,22,46,45,5
Laddu,1.0,400,400.0,9425538xxxx,1604998403,2020-11-10 14:23:23,2020-11-10,11,2020,10,14,23,46,2
Charkoli,1.0,250,250.0,94255xxxx,1604759766,2020-11-07 20:06:06,2020-11-07,11,2020,7,20,6,45,6
Khaja,0.5,300,150.0,98261xxxx,1604911219,2020-11-09 14:10:19,2020-11-09,11,2020,9,14,10,46,1
Laddu,0.25,400,100.0,xxxx,1604531650,2020-11-05 04:44:10,2020-11-05,11,2020,5,4,44,45,4
Bidia,0.25,250,62.5,9425208xxxx,1604524767,2020-11-05 02:49:27,2020-11-05,11,2020,5,2,49,45,4
Khaja,0.5,300,150.0,xxxx,1604479108,2020-11-04 14:08:28,2020-11-04,11,2020,4,14,8,45,3
Sakkarpara,0.5,250,125.0,79995xxxx,1604969840,2020-11-10 06:27:20,2020-11-10,11,2020,10,6,27,46,2
Pidia,1.0,400,400.0,9893211xxxx,1604555515,2020-11-05 11:21:55,2020-11-05,11,2020,5,11,21,45,4
Khurmi,0.5,300,150.0,91654xxxx,1604972150,2020-11-10 07:05:50,2020-11-10,11,2020,10,7,5,46,2
Namkeen,0.25,200,50.0,91654xxxx,1604551867,2020-11-05 10:21:07,2020-11-05,11,2020,5,10,21,45,4
Khurmi,0.5,300,150.0,9340842xxxx,1604946859,2020-11-10 00:04:19,2020-11-10,11,2020,10,0,4,46,2
Charkoli,1.0,250,250.0,83198xxxx,1604813513,2020-11-08 11:01:53,2020-11-08,11,2020,8,11,1,45,7
Khaja,1.0,300,300.0,93000xxxx,1605046349,2020-11-11 03:42:29,2020-11-11,11,2020,11,3,42,46,3
Ghujia,0.5,400,200.0,9826174xxxx,1605061010,2020-11-11 07:46:50,2020-11-11,11,2020,11,7,46,46,3
Pidia,0.5,400,200.0,9752995xxxx,1604374299,2020-11-03 09:01:39,2020-11-03,11,2020,3,9,1,45,2
Khaja,1.0,300,300.0,9425208xxxx,1604695287,2020-11-07 02:11:27,2020-11-07,11,2020,7,2,11,45,6
Mixture1,0.5,200,100.0,9425208xxxx,1605045267,2020-11-11 03:24:27,2020-11-11,11,2020,11,3,24,46,3
Papchi,0.5,300,150.0,8889554xxxx,1604371170,2020-11-03 08:09:30,2020-11-03,11,2020,3,8,9,45,2
ChawalSevMurku,0.5,200,100.0,9691855xxxx,1604635470,2020-11-06 09:34:30,2020-11-06,11,2020,6,9,34,45,5
Pidia,1.0,400,400.0,98261xxxx,1605030058,2020-11-10 23:10:58,2020-11-10,11,2020,10,23,10,46,2
MixtureChiwda,0.5,250,125.0,9575945xxxx,1604923209,2020-11-09 17:30:09,2020-11-09,11,2020,9,17,30,46,1
Mixture1,1.0,200,200.0,98274xxxx,1604804336,2020-11-08 08:28:56,2020-11-08,11,2020,8,8,28,45,7
Charkoli,0.5,250,125.0,78281xxxx,1604701263,2020-11-07 03:51:03,2020-11-07,11,2020,7,3,51,45,6
Laddu,0.25,400,100.0,9977690xxxx,1604541917,2020-11-05 07:35:17,2020-11-05,11,2020,5,7,35,45,4
Mixture1,1.0,200,200.0,6262777xxxx,1604473803,2020-11-04 12:40:03,2020-11-04,11,2020,4,12,40,45,3
Charkoli,0.5,250,125.0,91099xxxx,1604559670,2020-11-05 12:31:10,2020-11-05,11,2020,5,12,31,45,4
Ghujia,0.25,400,100.0,xxxx,1604381830,2020-11-03 11:07:10,2020-11-03,11,2020,3,11,7,45,2
Pidia,1.0,400,400.0,9425208xxxx,1604697987,2020-11-07 02:56:27,2020-11-07,11,2020,7,2,56,45,6
Khaja,1.0,300,300.0,91099xxxx,1604389930,2020-11-03 13:22:10,2020-11-03,11,2020,3,13,22,45,2
Namkeen,1.0,200,200.0,6262777xxxx,1604875563,2020-11-09 04:16:03,2020-11-09,11,2020,9,4,16,46,1
Khaja,0.25,300,75.0,88396xxxx,1605089481,2020-11-11 15:41:21,2020-11-11,11,2020,11,15,41,46,3
Charkoli,0.5,250,125.0,93025xxxx,1604785813,2020-11-08 03:20:13,2020-11-08,11,2020,8,3,20,45,7
Charkoli,1.0,250,250.0,7006xxxx,1604910964,2020-11-09 14:06:04,2020-11-09,11,2020,9,14,6,46,1
Pidia,0.5,400,200.0,9981542xxxx,1604670791,2020-11-06 19:23:11,2020-11-06,11,2020,6,19,23,45,5
Pidia,0.5,400,200.0,79872xxxx,1604870454,2020-11-09 02:50:54,2020-11-09,11,2020,9,2,50,46,1
Laddu,0.5,400,200.0,79995xxxx,1604444000,2020-11-04 04:23:20,2020-11-04,11,2020,4,4,23,45,3
Pidia,1.0,400,400.0,9425208xxxx,1604624307,2020-11-06 06:28:27,2020-11-06,11,2020,6,6,28,45,5
Anarsa,0.5,300,150.0,9826425xxxx,1604923727,2020-11-09 17:38:47,2020-11-09,11,2020,9,17,38,46,1
Ghujia,0.25,400,100.0,9977690xxxx,1605047537,2020-11-11 04:02:17,2020-11-11,11,2020,11,4,2,46,3
Pidia,0.5,400,200.0,7006xxxx,1604471284,2020-11-04 11:58:04,2020-11-04,11,2020,4,11,58,45,3
Thetri,1.0,250,250.0,93000xxxx,1604435729,2020-11-04 02:05:29,2020-11-04,11,2020,4,2,5,45,3
Laddu,1.0,400,400.0,8602447xxxx,1605015721,2020-11-10 19:12:01,2020-11-10,11,2020,10,19,12,46,2
Bidia,0.25,250,62.5,9993978xxxx,1604993908,2020-11-10 13:08:28,2020-11-10,11,2020,10,13,8,46,2
Khaja,0.5,300,150.0,90985xxxx,1605042407,2020-11-11 02:36:47,2020-11-11,11,2020,11,2,36,46,3
Mathri,0.5,250,125.0,9340965xxxx,1604555817,2020-11-05 11:26:57,2020-11-05,11,2020,5,11,26,45,4
Charkoli,0.25,250,62.5,79747xxxx,1604600612,2020-11-05 23:53:32,2020-11-05,11,2020,5,23,53,45,4
Pidia,0.5,400,200.0,9425517xxxx,1604565780,2020-11-05 14:13:00,2020-11-05,11,2020,5,14,13,45,4
Namkeen,0.25,200,50.0,91654xxxx,1604818207,2020-11-08 12:20:07,2020-11-08,11,2020,8,12,20,45,7
LaiBadi,0.5,300,150.0,91099xxxx,1604888590,2020-11-09 07:53:10,2020-11-09,11,2020,9,7,53,46,1
Namkeen,1.0,200,200.0,98265xxxx,1605041966,2020-11-11 02:29:26,2020-11-11,11,2020,11,2,29,46,3
Ghujia,0.5,400,200.0,91654xxxx,1605189727,2020-11-12 19:32:07,2020-11-12,11,2020,12,19,32,46,4
Bidia,0.5,250,125.0,9425208xxxx,1604680587,2020-11-06 22:06:27,2020-11-06,11,2020,6,22,6,45,5
BesanBarfi,0.25,400,100.0,xxxx,1604464461,2020-11-04 10:04:21,2020-11-04,11,2020,4,10,4,45,3
Pidia,0.5,400,200.0,8602447xxxx,1604382061,2020-11-03 11:11:01,2020-11-03,11,2020,3,11,11,45,2
Khaja,1.0,300,300.0,91099xxxx,1604662810,2020-11-06 17:10:10,2020-11-06,11,2020,6,17,10,45,5
LaiBadi,0.5,300,150.0,9993978xxxx,1604478868,2020-11-04 14:04:28,2020-11-04,11,2020,4,14,4,45,3
Khurmi,0.5,300,150.0,9340842xxxx,1604881999,2020-11-09 06:03:19,2020-11-09,11,2020,9,6,3,46,1
MixtureChiwda,1.0,250,250.0,99261xxxx,1604462360,2020-11-04 09:29:20,2020-11-04,11,2020,4,9,29,45,3
Anarsa,0.5,300,150.0,9425208xxxx,1604508507,2020-11-04 22:18:27,2020-11-04,11,2020,4,22,18,45,3
MixtureChiwda,0.5,250,125.0,9826425xxxx,1604287787,2020-11-02 08:59:47,2020-11-02,11,2020,2,8,59,45,1
Namkeen,1.0,200,200.0,8459781xxxx,1604952971,2020-11-10 01:46:11,2020-11-10,11,2020,10,1,46,46,2
Laddu,1.0,400,400.0,9827162xxxx,1604973479,2020-11-10 07:27:59,2020-11-10,11,2020,10,7,27,46,2
Khaja,0.5,300,150.0,6265693xxxx,1604373030,2020-11-03 08:40:30,2020-11-03,11,2020,3,8,40,45,2
Bidia,0.25,250,62.5,9425208xxxx,1604331987,2020-11-02 21:16:27,2020-11-02,11,2020,2,21,16,45,1
Pidia,1.0,400,400.0,9826425xxxx,1604996747,2020-11-10 13:55:47,2020-11-10,11,2020,10,13,55,46,2
Ghujia,0.5,400,200.0,9993978xxxx,1604890408,2020-11-09 08:23:28,2020-11-09,11,2020,9,8,23,46,1
Laddu,0.5,400,200.0,90396xxxx,1604565035,2020-11-05 14:00:35,2020-11-05,11,2020,5,14,0,45,4
Anarsa,1.0,300,300.0,xxxx,1604547354,2020-11-05 09:05:54,2020-11-05,11,2020,5,9,5,45,4
Pidia,1.0,400,400.0,98261xxxx,1604693758,2020-11-07 01:45:58,2020-11-07,11,2020,7,1,45,45,6
KariLaddu,0.5,300,150.0,97554xxxx,1604534530,2020-11-05 05:32:10,2020-11-05,11,2020,5,5,32,45,4
Anarsa,1.0,300,300.0,98274xxxx,1605172436,2020-11-12 14:43:56,2020-11-12,11,2020,12,14,43,46,4
Pidia,1.0,400,400.0,9827162xxxx,1604813219,2020-11-08 10:56:59,2020-11-08,11,2020,8,10,56,45,7
Pidia,0.5,400,200.0,9425517xxxx,1604532000,2020-11-05 04:50:00,2020-11-05,11,2020,5,4,50,45,4
Namkeen,1.0,200,200.0,9340597xxxx,1604956444,2020-11-10 02:44:04,2020-11-10,11,2020,10,2,44,46,2
Sev,0.25,250,62.5,xxxx,1604634741,2020-11-06 09:22:21,2020-11-06,11,2020,6,9,22,45,5
Laddu,1.0,400,400.0,6262777xxxx,1604998083,2020-11-10 14:18:03,2020-11-10,11,2020,10,14,18,46,2
Laddu,0.5,400,200.0,9425517xxxx,1604547420,2020-11-05 09:07:00,2020-11-05,11,2020,5,9,7,45,4
Pidia,1.0,400,400.0,9893211xxxx,1604750575,2020-11-07 17:32:55,2020-11-07,11,2020,7,17,32,45,6
Anarsa,0.25,300,75.0,xxxx,1604781261,2020-11-08 02:04:21,2020-11-08,11,2020,8,2,4,45,7
Bijori,1.0,400,400.0,9752995xxxx,1604392959,2020-11-03 14:12:39,2020-11-03,11,2020,3,14,12,45,2
Laddu,0.5,400,200.0,79995xxxx,1604952320,2020-11-10 01:35:20,2020-11-10,11,2020,10,1,35,46,2
Anarsa,0.5,300,150.0,xxxx,1604959821,2020-11-10 03:40:21,2020-11-10,11,2020,10,3,40,46,2
Ghujia,0.5,400,200.0,9926155xxxx,1604883924,2020-11-09 06:35:24,2020-11-09,11,2020,9,6,35,46,1
RaitaBundi,0.25,200,50.0,9993978xxxx,1604482528,2020-11-04 15:05:28,2020-11-04,11,2020,4,15,5,45,3
Mathri,0.5,250,125.0,90985xxxx,1604361587,2020-11-03 05:29:47,2020-11-03,11,2020,3,5,29,45,2
Anarsa,0.5,300,150.0,9826425xxxx,1604212487,2020-11-01 12:04:47,2020-11-01,11,2020,1,12,4,44,7
KariLaddu,1.0,300,300.0,`99078xxxx,1604357569,2020-11-03 04:22:49,2020-11-03,11,2020,3,4,22,45,2
Anarsa,0.5,300,150.0,90985xxxx,1605056387,2020-11-11 06:29:47,2020-11-11,11,2020,11,6,29,46,3
Khaja,0.5,300,150.0,xxxx,1604482708,2020-11-04 15:08:28,2020-11-04,11,2020,4,15,8,45,3
Laddu,0.5,400,200.0,77240xxxx,1605071733,2020-11-11 10:45:33,2020-11-11,11,2020,11,10,45,46,3
Laddu,0.5,400,200.0,9981542xxxx,1604326091,2020-11-02 19:38:11,2020-11-02,11,2020,2,19,38,45,1
Ghujia,1.0,400,400.0,91654xxxx,1604653250,2020-11-06 14:30:50,2020-11-06,11,2020,6,14,30,45,5
Ghujia,0.5,400,200.0,8871256xxxx,1604817066,2020-11-08 12:01:06,2020-11-08,11,2020,8,12,1,45,7
Ghujia,0.25,400,100.0,99810xxxx,1604718021,2020-11-07 08:30:21,2020-11-07,11,2020,7,8,30,45,6
Pidia,1.0,400,400.0,9425208xxxx,1604440947,2020-11-04 03:32:27,2020-11-04,11,2020,4,3,32,45,3
Ghujia,1.0,400,400.0,9981542xxxx,1604303591,2020-11-02 13:23:11,2020-11-02,11,2020,2,13,23,45,1
Ghujia,1.0,400,400.0,9229265xxxx,1604542090,2020-11-05 07:38:10,2020-11-05,11,2020,5,7,38,45,4
Charkoli,0.5,250,125.0,9993978xxxx,1604575108,2020-11-05 16:48:28,2020-11-05,11,2020,5,16,48,45,4
Namkeen,0.5,200,100.0,94255xxxx,1604589006,2020-11-05 20:40:06,2020-11-05,11,2020,5,20,40,45,4
Khaja,0.5,300,150.0,9406200xxxx,1604395835,2020-11-03 15:00:35,2020-11-03,11,2020,3,15,0,45,2
Anarsa,0.5,300,150.0,9406200xxxx,1604769523,2020-11-07 22:48:43,2020-11-07,11,2020,7,22,48,45,6
Laddu,0.5,400,200.0,91099xxxx,1604711230,2020-11-07 06:37:10,2020-11-07,11,2020,7,6,37,45,6
Laddu,0.5,400,200.0,96306xxxx,1604972658,2020-11-10 07:14:18,2020-11-10,11,2020,10,7,14,46,2
Ghujia,1.0,400,400.0,9340597xxxx,1605047824,2020-11-11 04:07:04,2020-11-11,11,2020,11,4,7,46,3
Anarsa,0.25,300,75.0,xxxx,1604901621,2020-11-09 11:30:21,2020-11-09,11,2020,9,11,30,46,1
Charkoli,1.0,250,250.0,xxxx,1604605041,2020-11-06 01:07:21,2020-11-06,11,2020,6,1,7,45,5
Mathri,0.5,250,125.0,9340597xxxx,1604366824,2020-11-03 06:57:04,2020-11-03,11,2020,3,6,57,45,2
MixtureChiwda,1.0,250,250.0,91099xxxx,1605056110,2020-11-11 06:25:10,2020-11-11,11,2020,11,6,25,46,3
Charkoli,0.5,250,125.0,9301334xxxx,1604705878,2020-11-07 05:07:58,2020-11-07,11,2020,7,5,7,45,6
Anarsa,0.5,300,150.0,97554xxxx,1605170050,2020-11-12 14:04:10,2020-11-12,11,2020,12,14,4,46,4
Namkeen,0.5,200,100.0,9981542xxxx,1605008831,2020-11-10 17:17:11,2020-11-10,11,2020,10,17,17,46,2
Pidia,0.5,400,200.0,xxxx,1604612481,2020-11-06 03:11:21,2020-11-06,11,2020,6,3,11,45,5
Ghujia,1.0,400,400.0,9425208xxxx,1604973327,2020-11-10 07:25:27,2020-11-10,11,2020,10,7,25,46,2
Ghujia,1.0,400,400.0,79872xxxx,1604788614,2020-11-08 04:06:54,2020-11-08,11,2020,8,4,6,45,7
Namkeen,0.25,200,50.0,91654xxxx,1604912587,2020-11-09 14:33:07,2020-11-09,11,2020,9,14,33,46,1
Bidia,0.5,250,125.0,9425208xxxx,1604349687,2020-11-03 02:11:27,2020-11-03,11,2020,3,2,11,45,2
KariLaddu,0.5,300,150.0,82238xxxx,1604851447,2020-11-08 21:34:07,2020-11-08,11,2020,8,21,34,45,7
Ghujia,1.0,400,400.0,7006xxxx,1604643964,2020-11-06 11:56:04,2020-11-06,11,2020,6,11,56,45,5
Pidia,0.5,400,200.0,79995xxxx,1605035300,2020-11-11 00:38:20,2020-11-11,11,2020,11,0,38,46,3
Sakkarpara,0.5,250,125.0,93000xxxx,1604884949,2020-11-09 06:52:29,2020-11-09,11,2020,9,6,52,46,1
Pidia,0.5,400,200.0,7006xxxx,1604721784,2020-11-07 09:33:04,2020-11-07,11,2020,7,9,33,45,6
Mixture1,1.0,200,200.0,83050xxxx,1604627608,2020-11-06 07:23:28,2020-11-06,11,2020,6,7,23,45,5
Ghujia,0.5,400,200.0,83050xxxx,1604911408,2020-11-09 14:13:28,2020-11-09,11,2020,9,14,13,46,1
Laddu,1.0,400,400.0,8602447xxxx,1604803321,2020-11-08 08:12:01,2020-11-08,11,2020,8,8,12,45,7
Namkeen,1.0,200,200.0,6262777xxxx,1604639343,2020-11-06 10:39:03,2020-11-06,11,2020,6,10,39,45,5
Thetri,1.0,250,250.0,93000xxxx,1604534549,2020-11-05 05:32:29,2020-11-05,11,2020,5,5,32,45,4
Charkoli,0.5,250,125.0,99261xxxx,1605131660,2020-11-12 03:24:20,2020-11-12,11,2020,12,3,24,46,4
Ghujia,1.0,400,400.0,83198xxxx,1604819273,2020-11-08 12:37:53,2020-11-08,11,2020,8,12,37,45,7
Ghujia,1.0,400,400.0,8889554xxxx,1604821050,2020-11-08 13:07:30,2020-11-08,11,2020,8,13,7,45,7
Charkoli,1.0,250,250.0,7006xxxx,1604613304,2020-11-06 03:25:04,2020-11-06,11,2020,6,3,25,45,5
Khaja,1.0,300,300.0,98261xxxx,1604953198,2020-11-10 01:49:58,2020-11-10,11,2020,10,1,49,46,2
Khaja,0.5,300,150.0,9827112xxxx,1604459149,2020-11-04 08:35:49,2020-11-04,11,2020,4,8,35,45,3
ChawalPapad,0.25,200,50.0,9691855xxxx,1604381250,2020-11-03 10:57:30,2020-11-03,11,2020,3,10,57,45,2
Ghujia,0.5,400,200.0,9691855xxxx,1604981490,2020-11-10 09:41:30,2020-11-10,11,2020,10,9,41,46,2
Anarsa,0.5,300,150.0,90985xxxx,1604526107,2020-11-05 03:11:47,2020-11-05,11,2020,5,3,11,45,4
Thetri,0.5,250,125.0,9340842xxxx,1604615539,2020-11-06 04:02:19,2020-11-06,11,2020,6,4,2,45,5
Mixture1,1.0,200,200.0,8459781xxxx,1604355251,2020-11-03 03:44:11,2020-11-03,11,2020,3,3,44,45,2
Anarsa,0.25,300,75.0,xxxx,1605158841,2020-11-12 10:57:21,2020-11-12,11,2020,12,10,57,46,4
Anarsa,1.0,300,300.0,6262777xxxx,1605078843,2020-11-11 12:44:03,2020-11-11,11,2020,11,12,44,46,3
Namkeen,0.5,200,100.0,91654xxxx,1604559170,2020-11-05 12:22:50,2020-11-05,11,2020,5,12,22,45,4
Pidia,0.25,400,100.0,88396xxxx,1605175161,2020-11-12 15:29:21,2020-11-12,11,2020,12,15,29,46,4
Sev,1.0,250,250.0,98265xxxx,1605077066,2020-11-11 12:14:26,2020-11-11,11,2020,11,12,14,46,3
Laddu,1.0,400,400.0,91099xxxx,1604461150,2020-11-04 09:09:10,2020-11-04,11,2020,4,9,9,45,3
Khaja,0.5,300,150.0,98268xxxx,1604522347,2020-11-05 02:09:07,2020-11-05,11,2020,5,2,9,45,4
Pidia,0.5,400,200.0,82238xxxx,1605131947,2020-11-12 03:29:07,2020-11-12,11,2020,12,3,29,46,4
Khaja,0.5,300,150.0,8459781xxxx,1604715971,2020-11-07 07:56:11,2020-11-07,11,2020,7,7,56,45,6
Charkoli,0.5,250,125.0,83198xxxx,1604744333,2020-11-07 15:48:53,2020-11-07,11,2020,7,15,48,45,6
Laddu,1.0,400,400.0,9893211xxxx,1604363575,2020-11-03 06:02:55,2020-11-03,11,2020,3,6,2,45,2
Thetri,0.5,250,125.0,79995xxxx,1605156800,2020-11-12 10:23:20,2020-11-12,11,2020,12,10,23,46,4
Ghujia,1.0,400,400.0,6262777xxxx,1604724483,2020-11-07 10:18:03,2020-11-07,11,2020,7,10,18,45,6
Pidia,0.5,400,200.0,9691855xxxx,1604631210,2020-11-06 08:23:30,2020-11-06,11,2020,6,8,23,45,5
Pidia,0.5,400,200.0,9425517xxxx,1604623740,2020-11-06 06:19:00,2020-11-06,11,2020,6,6,19,45,5
Laddu,0.5,400,200.0,9617096xxxx,1604569071,2020-11-05 15:07:51,2020-11-05,11,2020,5,15,7,45,4
Ghujia,1.0,400,400.0,9340597xxxx,1604979544,2020-11-10 09:09:04,2020-11-10,11,2020,10,9,9,46,2
Mathri,0.5,250,125.0,9993978xxxx,1604567728,2020-11-05 14:45:28,2020-11-05,11,2020,5,14,45,45,4
Charkoli,0.25,250,62.5,6262777xxxx,1604813463,2020-11-08 11:01:03,2020-11-08,11,2020,8,11,1,45,7
Namkeen,0.5,200,100.0,98261xxxx,1604978299,2020-11-10 08:48:19,2020-11-10,11,2020,10,8,48,46,2
Mathri,0.5,250,125.0,9340597xxxx,1605117724,2020-11-11 23:32:04,2020-11-11,11,2020,11,23,32,46,3
Khurmi,0.25,300,75.0,91654xxxx,1604554687,2020-11-05 11:08:07,2020-11-05,11,2020,5,11,8,45,4
Laddu,0.5,400,200.0,9926155xxxx,1604365824,2020-11-03 06:40:24,2020-11-03,11,2020,3,6,40,45,2
Anarsa,1.0,300,300.0,98274xxxx,1604454416,2020-11-04 07:16:56,2020-11-04,11,2020,4,7,16,45,3
Laddu,1.0,400,400.0,99261xxxx,1604814458,2020-11-08 11:17:38,2020-11-08,11,2020,8,11,17,45,7
Pidia,1.0,400,400.0,9827162xxxx,1604387939,2020-11-03 12:48:59,2020-11-03,11,2020,3,12,48,45,2
Charkoli,1.0,250,250.0,83198xxxx,1605156773,2020-11-12 10:22:53,2020-11-12,11,2020,12,10,22,46,4
Ghujia,1.0,400,400.0,98274xxxx,1604574596,2020-11-05 16:39:56,2020-11-05,11,2020,5,16,39,45,4
Sev,0.25,250,62.5,xxxx,1605058641,2020-11-11 07:07:21,2020-11-11,11,2020,11,7,7,46,3
Pidia,0.5,400,200.0,9926155xxxx,1604387724,2020-11-03 12:45:24,2020-11-03,11,2020,3,12,45,45,2
Sakkarpara,1.0,250,250.0,6262777xxxx,1604277843,2020-11-02 06:14:03,2020-11-02,11,2020,2,6,14,45,1
Mixture1,1.0,200,200.0,6262777xxxx,1604278863,2020-11-02 06:31:03,2020-11-02,11,2020,2,6,31,45,1
Ghujia,0.5,400,200.0,9926155xxxx,1605006924,2020-11-10 16:45:24,2020-11-10,11,2020,10,16,45,46,2
Laddu,0.5,400,200.0,9617096xxxx,1604983911,2020-11-10 10:21:51,2020-11-10,11,2020,10,10,21,46,2
DawaiLaddu,1.0,700,700.0,9691440xxxx,1604901039,2020-11-09 11:20:39,2020-11-09,11,2020,9,11,20,46,1
Pidia,0.25,400,100.0,87705xxxx,1605154961,2020-11-12 09:52:41,2020-11-12,11,2020,12,9,52,46,4
Namkeen,0.25,200,50.0,91654xxxx,1604729947,2020-11-07 11:49:07,2020-11-07,11,2020,7,11,49,45,6
Namkeen,0.25,200,50.0,91654xxxx,1604495707,2020-11-04 18:45:07,2020-11-04,11,2020,4,18,45,45,3
Pidia,1.0,400,400.0,9425208xxxx,1604444787,2020-11-04 04:36:27,2020-11-04,11,2020,4,4,36,45,3
Sev,0.25,250,62.5,xxxx,1604713701,2020-11-07 07:18:21,2020-11-07,11,2020,7,7,18,45,6
Laddu,0.5,400,200.0,93025xxxx,1604632513,2020-11-06 08:45:13,2020-11-06,11,2020,6,8,45,45,5
Mixture1,0.25,200,50.0,82238xxxx,1605037207,2020-11-11 01:10:07,2020-11-11,11,2020,11,1,10,46,3
Ghujia,0.5,400,200.0,98268xxxx,1604966647,2020-11-10 05:34:07,2020-11-10,11,2020,10,5,34,46,2
Sev,0.5,250,125.0,9993978xxxx,1604312668,2020-11-02 15:54:28,2020-11-02,11,2020,2,15,54,45,1
Khaja,0.5,300,150.0,9827112xxxx,1604452249,2020-11-04 06:40:49,2020-11-04,11,2020,4,6,40,45,3
Pidia,0.25,400,100.0,9977690xxxx,1605036677,2020-11-11 01:01:17,2020-11-11,11,2020,11,1,1,46,3
Laddu,1.0,400,400.0,9893211xxxx,1605066775,2020-11-11 09:22:55,2020-11-11,11,2020,11,9,22,46,3
Sev,0.5,250,125.0,9826425xxxx,1604837627,2020-11-08 17:43:47,2020-11-08,11,2020,8,17,43,45,7
Namkeen,0.5,200,100.0,83198xxxx,1604370533,2020-11-03 07:58:53,2020-11-03,11,2020,3,7,58,45,2
Ghujia,1.0,400,400.0,98274xxxx,1604913716,2020-11-09 14:51:56,2020-11-09,11,2020,9,14,51,46,1
Ghujia,0.5,400,200.0,9691855xxxx,1604266050,2020-11-02 02:57:30,2020-11-02,11,2020,2,2,57,45,1
Anarsa,0.5,300,150.0,7974476xxxx,1604451584,2020-11-04 06:29:44,2020-11-04,11,2020,4,6,29,45,3
MixtureChiwda,0.5,250,125.0,9826425xxxx,1604716667,2020-11-07 08:07:47,2020-11-07,11,2020,7,8,7,45,6
MixtureChiwda,0.5,250,125.0,9425208xxxx,1604801247,2020-11-08 07:37:27,2020-11-08,11,2020,8,7,37,45,7
Ghujia,0.25,400,100.0,`99078xxxx,1604528149,2020-11-05 03:45:49,2020-11-05,11,2020,5,3,45,45,4
UradBari,0.25,400,100.0,9301334xxxx,1604705278,2020-11-07 04:57:58,2020-11-07,11,2020,7,4,57,45,6
Pidia,0.5,400,200.0,9425517xxxx,1604995620,2020-11-10 13:37:00,2020-11-10,11,2020,10,13,37,46,2
ChawalSevMurku,0.5,200,100.0,9691855xxxx,1605073290,2020-11-11 11:11:30,2020-11-11,11,2020,11,11,11,46,3
Ghujia,1.0,400,400.0,97130xxxx,1604766287,2020-11-07 21:54:47,2020-11-07,11,2020,7,21,54,45,6
KariLaddu,1.0,300,300.0,9926155xxxx,1604384424,2020-11-03 11:50:24,2020-11-03,11,2020,3,11,50,45,2
Khaja,0.5,300,150.0,9425517xxxx,1604368260,2020-11-03 07:21:00,2020-11-03,11,2020,3,7,21,45,2
LaiBadi,0.5,300,150.0,9993978xxxx,1604652328,2020-11-06 14:15:28,2020-11-06,11,2020,6,14,15,45,5
Khaja,1.0,300,300.0,9462081xxxx,1604977733,2020-11-10 08:38:53,2020-11-10,11,2020,10,8,38,46,2
Sev,1.0,250,250.0,8889554xxxx,1604300670,2020-11-02 12:34:30,2020-11-02,11,2020,2,12,34,45,1
Pidia,0.5,400,200.0,xxxx,1605073134,2020-11-11 11:08:54,2020-11-11,11,2020,11,11,8,46,3
Pidia,0.5,400,200.0,xxxx,1605134121,2020-11-12 04:05:21,2020-11-12,11,2020,12,4,5,46,4
Laddu,1.0,400,400.0,86022xxxx,1604914480,2020-11-09 15:04:40,2020-11-09,11,2020,9,15,4,46,1
Khaja,1.0,300,300.0,9827115xxxx,1604975965,2020-11-10 08:09:25,2020-11-10,11,2020,10,8,9,46,2
Anarsa,0.5,300,150.0,9827115xxxx,1604632345,2020-11-06 08:42:25,2020-11-06,11,2020,6,8,42,45,5
Anarsa,1.0,300,300.0,9926155xxxx,1604631204,2020-11-06 08:23:24,2020-11-06,11,2020,6,8,23,45,5
Anarsa,1.0,300,300.0,98274xxxx,1604561636,2020-11-05 13:03:56,2020-11-05,11,2020,5,13,3,45,4
Pidia,1.0,400,400.0,6262777xxxx,1604907843,2020-11-09 13:14:03,2020-11-09,11,2020,9,13,14,46,1
Khaja,1.0,300,300.0,97130xxxx,1604540087,2020-11-05 07:04:47,2020-11-05,11,2020,5,7,4,45,4
Mixture1,0.25,200,50.0,9981542xxxx,1604298011,2020-11-02 11:50:11,2020-11-02,11,2020,2,11,50,45,1
Anarsa,1.0,300,300.0,xxxx,1604731254,2020-11-07 12:10:54,2020-11-07,11,2020,7,12,10,45,6
BundiLaddu,0.25,200,50.0,99810xxxx,1604973561,2020-11-10 07:29:21,2020-11-10,11,2020,10,7,29,46,2
Mixture1,0.5,200,100.0,`99078xxxx,1605058489,2020-11-11 07:04:49,2020-11-11,11,2020,11,7,4,46,3
Pidia,0.5,400,200.0,95759xxxx,1604808871,2020-11-08 09:44:31,2020-11-08,11,2020,8,9,44,45,7
Khaja,1.0,300,300.0,9425208xxxx,1605123807,2020-11-12 01:13:27,2020-11-12,11,2020,12,1,13,46,4
Ghujia,1.0,400,400.0,9827112xxxx,1604559589,2020-11-05 12:29:49,2020-11-05,11,2020,5,12,29,45,4
Khurmi,0.25,300,75.0,91654xxxx,1604495407,2020-11-04 18:40:07,2020-11-04,11,2020,4,18,40,45,3
Thetri,0.5,250,125.0,79995xxxx,1604605700,2020-11-06 01:18:20,2020-11-06,11,2020,6,1,18,45,5
Mathri,1.0,250,250.0,9425208xxxx,1605057507,2020-11-11 06:48:27,2020-11-11,11,2020,11,6,48,46,3
LaiBadi,0.5,300,150.0,91099xxxx,1604549830,2020-11-05 09:47:10,2020-11-05,11,2020,5,9,47,45,4
Ghujia,1.0,400,400.0,9229265xxxx,1604302270,2020-11-02 13:01:10,2020-11-02,11,2020,2,13,1,45,1
Khaja,1.0,300,300.0,98261xxxx,1604543861,2020-11-05 08:07:41,2020-11-05,11,2020,5,8,7,45,4
Mixture1,1.0,200,200.0,98265xxxx,1605163886,2020-11-12 12:21:26,2020-11-12,11,2020,12,12,21,46,4
Pidia,1.0,400,400.0,9425208xxxx,1604880327,2020-11-09 05:35:27,2020-11-09,11,2020,9,5,35,46,1
Ghujia,1.0,400,400.0,91654xxxx,1604566670,2020-11-05 14:27:50,2020-11-05,11,2020,5,14,27,45,4
Namkeen,0.5,200,100.0,9981542xxxx,1604839511,2020-11-08 18:15:11,2020-11-08,11,2020,8,18,15,45,7
Ghujia,0.5,400,200.0,90985xxxx,1604816147,2020-11-08 11:45:47,2020-11-08,11,2020,8,11,45,45,7
Namkeen,0.25,200,50.0,91654xxxx,1604914387,2020-11-09 15:03:07,2020-11-09,11,2020,9,15,3,46,1
Charkoli,1.0,250,250.0,xxxx,1605143241,2020-11-12 06:37:21,2020-11-12,11,2020,12,6,37,46,4
Bijori,0.5,400,200.0,91099xxxx,1604539390,2020-11-05 06:53:10,2020-11-05,11,2020,5,6,53,45,4
Ghujia,0.5,400,200.0,90985xxxx,1605160007,2020-11-12 11:16:47,2020-11-12,11,2020,12,11,16,46,4
Pidia,0.25,400,100.0,99810xxxx,1605044661,2020-11-11 03:14:21,2020-11-11,11,2020,11,3,14,46,3
Khaja,1.0,300,300.0,91099xxxx,1604715190,2020-11-07 07:43:10,2020-11-07,11,2020,7,7,43,45,6
Pidia,1.0,400,400.0,9826425xxxx,1604927447,2020-11-09 18:40:47,2020-11-09,11,2020,9,18,40,46,1
Ghujia,0.5,400,200.0,91654xxxx,1604979907,2020-11-10 09:15:07,2020-11-10,11,2020,10,9,15,46,2
Ghujia,1.0,400,400.0,6262777xxxx,1604635983,2020-11-06 09:43:03,2020-11-06,11,2020,6,9,43,45,5
Charkoli,0.25,250,62.5,xxxx,1605066921,2020-11-11 09:25:21,2020-11-11,11,2020,11,9,25,46,3
Pidia,0.5,400,200.0,79995xxxx,1604375480,2020-11-03 09:21:20,2020-11-03,11,2020,3,9,21,45,2
Anarsa,0.5,300,150.0,97554xxxx,1605081730,2020-11-11 13:32:10,2020-11-11,11,2020,11,13,32,46,3
Namkeen,1.0,200,200.0,9425208xxxx,1604875047,2020-11-09 04:07:27,2020-11-09,11,2020,9,4,7,46,1
Khaja,0.5,300,150.0,9406200xxxx,1604831855,2020-11-08 16:07:35,2020-11-08,11,2020,8,16,7,45,7
Khaja,1.0,300,300.0,91654xxxx,1604900510,2020-11-09 11:11:50,2020-11-09,11,2020,9,11,11,46,1
Mixture1,0.25,200,50.0,78281xxxx,1604560743,2020-11-05 12:49:03,2020-11-05,11,2020,5,12,49,45,4
Khaja,1.0,300,300.0,6262777xxxx,1604990703,2020-11-10 12:15:03,2020-11-10,11,2020,10,12,15,46,2
Ghujia,0.5,400,200.0,98261xxxx,1604463619,2020-11-04 09:50:19,2020-11-04,11,2020,4,9,50,45,3
Ghujia,0.25,400,100.0,99810xxxx,1605224361,2020-11-13 05:09:21,2020-11-13,11,2020,13,5,9,46,5
Mathri,0.5,250,125.0,9340965xxxx,1604574657,2020-11-05 16:40:57,2020-11-05,11,2020,5,16,40,45,4
Namkeen,0.5,200,100.0,9425208xxxx,1605143547,2020-11-12 06:42:27,2020-11-12,11,2020,12,6,42,46,4
Ghujia,0.25,400,100.0,79747xxxx,1604885312,2020-11-09 06:58:32,2020-11-09,11,2020,9,6,58,46,1
Pidia,0.5,400,200.0,82238xxxx,1604858287,2020-11-08 23:28:07,2020-11-08,11,2020,8,23,28,45,7
Charkoli,0.5,250,125.0,9691855xxxx,1604460810,2020-11-04 09:03:30,2020-11-04,11,2020,4,9,3,45,3
Sev,0.5,250,125.0,8889554xxxx,1604394330,2020-11-03 14:35:30,2020-11-03,11,2020,3,14,35,45,2
Pidia,1.0,400,400.0,98261xxxx,1605069958,2020-11-11 10:15:58,2020-11-11,11,2020,11,10,15,46,3
Namkeen,1.0,200,200.0,8459781xxxx,1605145151,2020-11-12 07:09:11,2020-11-12,11,2020,12,7,9,46,4
Anarsa,0.5,300,150.0,7974476xxxx,1604284184,2020-11-02 07:59:44,2020-11-02,11,2020,2,7,59,45,1
Pidia,1.0,400,400.0,9893211xxxx,1604882275,2020-11-09 06:07:55,2020-11-09,11,2020,9,6,7,46,1
KariLaddu,0.5,300,150.0,7974476xxxx,1604988164,2020-11-10 11:32:44,2020-11-10,11,2020,10,11,32,46,2
MixtureChiwda,1.0,250,250.0,6262777xxxx,1604887263,2020-11-09 07:31:03,2020-11-09,11,2020,9,7,31,46,1
UradBari,0.25,400,100.0,9301334xxxx,1604897998,2020-11-09 10:29:58,2020-11-09,11,2020,9,10,29,46,1
Anarsa,0.5,300,150.0,9826174xxxx,1604693210,2020-11-07 01:36:50,2020-11-07,11,2020,7,1,36,45,6
Mathri,1.0,250,250.0,98265xxxx,1604441906,2020-11-04 03:48:26,2020-11-04,11,2020,4,3,48,45,3
Pidia,0.5,400,200.0,9981542xxxx,1604375951,2020-11-03 09:29:11,2020-11-03,11,2020,3,9,29,45,2
Pidia,1.0,400,400.0,9826425xxxx,1605013487,2020-11-10 18:34:47,2020-11-10,11,2020,10,18,34,46,2
Anarsa,0.5,300,150.0,90985xxxx,1604782727,2020-11-08 02:28:47,2020-11-08,11,2020,8,2,28,45,7
Anarsa,1.0,300,300.0,xxxx,1604565234,2020-11-05 14:03:54,2020-11-05,11,2020,5,14,3,45,4
KariLaddu,0.5,300,150.0,82238xxxx,1604949247,2020-11-10 00:44:07,2020-11-10,11,2020,10,0,44,46,2
Charkoli,1.0,250,250.0,7006xxxx,1604560084,2020-11-05 12:38:04,2020-11-05,11,2020,5,12,38,45,4
Khurmi,0.25,300,75.0,91654xxxx,1605017527,2020-11-10 19:42:07,2020-11-10,11,2020,10,19,42,46,2
Ghujia,0.5,400,200.0,82238xxxx,1604670487,2020-11-06 19:18:07,2020-11-06,11,2020,6,19,18,45,5
Ghujia,1.0,400,400.0,9340597xxxx,1604724784,2020-11-07 10:23:04,2020-11-07,11,2020,7,10,23,45,6
Namkeen,1.0,200,200.0,9340597xxxx,1605068104,2020-11-11 09:45:04,2020-11-11,11,2020,11,9,45,46,3
Ghujia,0.25,400,100.0,99810xxxx,1604775561,2020-11-08 00:29:21,2020-11-08,11,2020,8,0,29,45,7
Ghujia,0.5,400,200.0,9425517xxxx,1604276400,2020-11-02 05:50:00,2020-11-02,11,2020,2,5,50,45,1
Ghujia,1.0,400,400.0,98274xxxx,1604803016,2020-11-08 08:06:56,2020-11-08,11,2020,8,8,6,45,7
Ghujia,0.5,400,200.0,91654xxxx,1604398507,2020-11-03 15:45:07,2020-11-03,11,2020,3,15,45,45,2
Anarsa,0.5,300,150.0,9827115xxxx,1604802265,2020-11-08 07:54:25,2020-11-08,11,2020,8,7,54,45,7
Papchi,0.5,300,150.0,8889554xxxx,1604646150,2020-11-06 12:32:30,2020-11-06,11,2020,6,12,32,45,5
Namkeen,0.5,200,100.0,91654xxxx,1605060290,2020-11-11 07:34:50,2020-11-11,11,2020,11,7,34,46,3
Mixture1,0.5,200,100.0,`99078xxxx,1604631409,2020-11-06 08:26:49,2020-11-06,11,2020,6,8,26,45,5
Laddu,0.5,400,200.0,79995xxxx,1604816180,2020-11-08 11:46:20,2020-11-08,11,2020,8,11,46,45,7
Charkoli,0.5,250,125.0,9691855xxxx,1604904030,2020-11-09 12:10:30,2020-11-09,11,2020,9,12,10,46,1
Ghujia,1.0,400,400.0,9340965xxxx,1604989917,2020-11-10 12:01:57,2020-11-10,11,2020,10,12,1,46,2
Mixture1,0.25,200,50.0,78281xxxx,1605081663,2020-11-11 13:31:03,2020-11-11,11,2020,11,13,31,46,3
Pidia,1.0,400,400.0,9174157xxxx,1604460136,2020-11-04 08:52:16,2020-11-04,11,2020,4,8,52,45,3
Khaja,1.0,300,300.0,91099xxxx,1604713210,2020-11-07 07:10:10,2020-11-07,11,2020,7,7,10,45,6
Thetri,0.25,250,62.5,83198xxxx,1604477513,2020-11-04 13:41:53,2020-11-04,11,2020,4,13,41,45,3
Charkoli,0.5,250,125.0,91099xxxx,1604536450,2020-11-05 06:04:10,2020-11-05,11,2020,5,6,4,45,4
Ghujia,1.0,400,400.0,9981542xxxx,1604811611,2020-11-08 10:30:11,2020-11-08,11,2020,8,10,30,45,7
Bidia,0.5,250,125.0,9425208xxxx,1604875827,2020-11-09 04:20:27,2020-11-09,11,2020,9,4,20,46,1
Laddu,1.0,400,400.0,9893211xxxx,1604797735,2020-11-08 06:38:55,2020-11-08,11,2020,8,6,38,45,7
Pidia,0.5,400,200.0,9691855xxxx,1604381070,2020-11-03 10:54:30,2020-11-03,11,2020,3,10,54,45,2
Charkoli,0.5,250,125.0,98261xxxx,1605139318,2020-11-12 05:31:58,2020-11-12,11,2020,12,5,31,46,4
Ghujia,0.5,400,200.0,9575945xxxx,1604974149,2020-11-10 07:39:09,2020-11-10,11,2020,10,7,39,46,2
Laddu,0.5,400,200.0,96306xxxx,1604901198,2020-11-09 11:23:18,2020-11-09,11,2020,9,11,23,46,1
Thetri,0.5,250,125.0,79995xxxx,1604728040,2020-11-07 11:17:20,2020-11-07,11,2020,7,11,17,45,6
Namkeen,0.25,200,50.0,91654xxxx,1605009247,2020-11-10 17:24:07,2020-11-10,11,2020,10,17,24,46,2
Khurmi,0.25,300,75.0,91654xxxx,1605172927,2020-11-12 14:52:07,2020-11-12,11,2020,12,14,52,46,4
Ghujia,0.25,400,100.0,9977690xxxx,1604349077,2020-11-03 02:01:17,2020-11-03,11,2020,3,2,1,45,2
Sev,0.5,250,125.0,90985xxxx,1605132647,2020-11-12 03:40:47,2020-11-12,11,2020,12,3,40,46,4
BundiLaddu,0.25,200,50.0,99810xxxx,1604810601,2020-11-08 10:13:21,2020-11-08,11,2020,8,10,13,45,7
Pidia,0.25,400,100.0,99810xxxx,1604436081,2020-11-04 02:11:21,2020-11-04,11,2020,4,2,11,45,3
Khaja,0.5,300,150.0,98268xxxx,1605155467,2020-11-12 10:01:07,2020-11-12,11,2020,12,10,1,46,4
Pidia,0.5,400,200.0,9981542xxxx,1604475191,2020-11-04 13:03:11,2020-11-04,11,2020,4,13,3,45,3
Laddu,1.0,400,400.0,86022xxxx,1604715580,2020-11-07 07:49:40,2020-11-07,11,2020,7,7,49,45,6
Khaja,1.0,300,300.0,98261xxxx,1604819861,2020-11-08 12:47:41,2020-11-08,11,2020,8,12,47,45,7
Laddu,0.5,400,200.0,9981542xxxx,1604834411,2020-11-08 16:50:11,2020-11-08,11,2020,8,16,50,45,7
Khaja,1.0,300,300.0,98274xxxx,1605072116,2020-11-11 10:51:56,2020-11-11,11,2020,11,10,51,46,3
Khaja,1.0,300,300.0,91099xxxx,1605097030,2020-11-11 17:47:10,2020-11-11,11,2020,11,17,47,46,3
Ghujia,1.0,400,400.0,9340842xxxx,1604346919,2020-11-03 01:25:19,2020-11-03,11,2020,3,1,25,45,2
Laddu,0.5,400,200.0,`99078xxxx,1604432269,2020-11-04 01:07:49,2020-11-04,11,2020,4,1,7,45,3
Anarsa,0.25,300,75.0,xxxx,1604804961,2020-11-08 08:39:21,2020-11-08,11,2020,8,8,39,45,7
Pidia,1.0,400,400.0,9425208xxxx,1604960307,2020-11-10 03:48:27,2020-11-10,11,2020,10,3,48,46,2
Sev,0.5,250,125.0,9993978xxxx,1604800588,2020-11-08 07:26:28,2020-11-08,11,2020,8,7,26,45,7
Pidia,0.5,400,200.0,7006xxxx,1605154624,2020-11-12 09:47:04,2020-11-12,11,2020,12,9,47,46,4
Namkeen,0.5,200,100.0,83198xxxx,1604798513,2020-11-08 06:51:53,2020-11-08,11,2020,8,6,51,45,7
Anarsa,0.5,300,150.0,97554xxxx,1604877010,2020-11-09 04:40:10,2020-11-09,11,2020,9,4,40,46,1
Laddu,1.0,400,400.0,8602447xxxx,1604888581,2020-11-09 07:53:01,2020-11-09,11,2020,9,7,53,46,1
Sev,0.5,250,125.0,8889554xxxx,1604825190,2020-11-08 14:16:30,2020-11-08,11,2020,8,14,16,45,7
Anarsa,0.5,300,150.0,9406200xxxx,1604784223,2020-11-08 02:53:43,2020-11-08,11,2020,8,2,53,45,7
Anarsa,0.5,300,150.0,9425208xxxx,1605144207,2020-11-12 06:53:27,2020-11-12,11,2020,12,6,53,46,4
Ghujia,0.5,400,200.0,98261xxxx,1604532379,2020-11-05 04:56:19,2020-11-05,11,2020,5,4,56,45,4
Charkoli,0.5,250,125.0,90985xxxx,1604625107,2020-11-06 06:41:47,2020-11-06,11,2020,6,6,41,45,5
Charkoli,1.0,250,250.0,97130xxxx,1605202787,2020-11-12 23:09:47,2020-11-12,11,2020,12,23,9,46,4
Thetri,1.0,250,250.0,93000xxxx,1604387909,2020-11-03 12:48:29,2020-11-03,11,2020,3,12,48,45,2
Namkeen,0.5,200,100.0,7006xxxx,1604555524,2020-11-05 11:22:04,2020-11-05,11,2020,5,11,22,45,4
Laddu,0.5,400,200.0,9926155xxxx,1604717004,2020-11-07 08:13:24,2020-11-07,11,2020,7,8,13,45,6
Namkeen,1.0,200,200.0,98265xxxx,1604690306,2020-11-07 00:48:26,2020-11-07,11,2020,7,0,48,45,6
Ghujia,0.5,400,200.0,79995xxxx,1604636240,2020-11-06 09:47:20,2020-11-06,11,2020,6,9,47,45,5
Pidia,0.25,400,100.0,88396xxxx,1604749701,2020-11-07 17:18:21,2020-11-07,11,2020,7,17,18,45,6
Ghujia,1.0,400,400.0,98274xxxx,1604709656,2020-11-07 06:10:56,2020-11-07,11,2020,7,6,10,45,6
Ghujia,1.0,400,400.0,7006xxxx,1604468524,2020-11-04 11:12:04,2020-11-04,11,2020,4,11,12,45,3
Laddu,0.5,400,200.0,9691855xxxx,1604818230,2020-11-08 12:20:30,2020-11-08,11,2020,8,12,20,45,7
Khaja,0.25,300,75.0,91099xxxx,1604922190,2020-11-09 17:13:10,2020-11-09,11,2020,9,17,13,46,1
Anarsa,0.25,300,75.0,9575991xxxx,1604787064,2020-11-08 03:41:04,2020-11-08,11,2020,8,3,41,45,7
Khaja,0.5,300,150.0,9406200xxxx,1604276619,2020-11-02 05:53:39,2020-11-02,11,2020,2,5,53,45,1
MixtureChiwda,1.0,250,250.0,8602447xxxx,1604466661,2020-11-04 10:41:01,2020-11-04,11,2020,4,10,41,45,3
Charkoli,0.5,250,125.0,9340965xxxx,1604647137,2020-11-06 12:48:57,2020-11-06,11,2020,6,12,48,45,5
Ghujia,0.5,400,200.0,90985xxxx,1604879687,2020-11-09 05:24:47,2020-11-09,11,2020,9,5,24,46,1
Namkeen,0.5,200,100.0,98261xxxx,1604812879,2020-11-08 10:51:19,2020-11-08,11,2020,8,10,51,45,7
Mathri,0.5,250,125.0,9993978xxxx,1604913328,2020-11-09 14:45:28,2020-11-09,11,2020,9,14,45,46,1
Ghujia,1.0,400,400.0,91099xxxx,1604629690,2020-11-06 07:58:10,2020-11-06,11,2020,6,7,58,45,5
Khaja,0.25,300,75.0,9301334xxxx,1604551918,2020-11-05 10:21:58,2020-11-05,11,2020,5,10,21,45,4
MixtureChiwda,1.0,250,250.0,99261xxxx,1604344340,2020-11-03 00:42:20,2020-11-03,11,2020,3,0,42,45,2
Charkoli,0.25,250,62.5,6262777xxxx,1604460963,2020-11-04 09:06:03,2020-11-04,11,2020,4,9,6,45,3
Laddu,0.25,400,100.0,xxxx,1604619550,2020-11-06 05:09:10,2020-11-06,11,2020,6,5,9,45,5
Charkoli,0.5,250,125.0,9826425xxxx,1604409047,2020-11-03 18:40:47,2020-11-03,11,2020,3,18,40,45,2
Ghujia,1.0,400,400.0,83198xxxx,1604392373,2020-11-03 14:02:53,2020-11-03,11,2020,3,14,2,45,2
Laddu,1.0,400,400.0,91099xxxx,1604395930,2020-11-03 15:02:10,2020-11-03,11,2020,3,15,2,45,2
Khaja,0.5,300,150.0,8459781xxxx,1604513351,2020-11-04 23:39:11,2020-11-04,11,2020,4,23,39,45,3
Khaja,0.5,300,150.0,`99078xxxx,1604778229,2020-11-08 01:13:49,2020-11-08,11,2020,8,1,13,45,7
Anarsa,1.0,300,300.0,98274xxxx,1605086396,2020-11-11 14:49:56,2020-11-11,11,2020,11,14,49,46,3
Bidia,0.25,250,62.5,9425208xxxx,1604363067,2020-11-03 05:54:27,2020-11-03,11,2020,3,5,54,45,2
Ghujia,0.5,400,200.0,8871256xxxx,1604409966,2020-11-03 18:56:06,2020-11-03,11,2020,3,18,56,45,2
Mathri,0.5,250,125.0,9340965xxxx,1604644677,2020-11-06 12:07:57,2020-11-06,11,2020,6,12,7,45,5
Laddu,1.0,400,400.0,9425538xxxx,1605100343,2020-11-11 18:42:23,2020-11-11,11,2020,11,18,42,46,3
Charkoli,1.0,250,250.0,6265693xxxx,1605101010,2020-11-11 18:53:30,2020-11-11,11,2020,11,18,53,46,3
Charkoli,1.0,250,250.0,6265693xxxx,1605101010,2020-11-11 18:53:30,2020-11-11,11,2020,11,18,53,46,3
Pidia,0.5,400,200.0,6265693xxxx,1605101010,2020-11-11 18:53:30,2020-11-11,11,2020,11,18,53,46,3
Khaja,0.5,300,150.0,6265693xxxx,1605101010,2020-11-11 18:53:30,2020-11-11,11,2020,11,18,53,46,3
Ghujia,1.0,400,400.0,9340965xxxx,1605101877,2020-11-11 19:07:57,2020-11-11,11,2020,11,19,7,46,3
Charkoli,0.5,250,125.0,9340965xxxx,1605101877,2020-11-11 19:07:57,2020-11-11,11,2020,11,19,7,46,3
Sakkarpara,0.5,250,125.0,9340965xxxx,1605101877,2020-11-11 19:07:57,2020-11-11,11,2020,11,19,7,46,3
Mathri,0.5,250,125.0,9340965xxxx,1605101877,2020-11-11 19:07:57,2020-11-11,11,2020,11,19,7,46,3
Khaja,0.5,300,150.0,9827112xxxx,1605101989,2020-11-11 19:09:49,2020-11-11,11,2020,11,19,9,46,3
Ghujia,1.0,400,400.0,9827112xxxx,1605101989,2020-11-11 19:09:49,2020-11-11,11,2020,11,19,9,46,3
Bijori,1.0,400,400.0,9752995xxxx,1605102519,2020-11-11 19:18:39,2020-11-11,11,2020,11,19,18,46,3
Pidia,0.5,400,200.0,9752995xxxx,1605102519,2020-11-11 19:18:39,2020-11-11,11,2020,11,19,18,46,3
Ghujia,1.0,400,400.0,8889554xxxx,1605103230,2020-11-11 19:30:30,2020-11-11,11,2020,11,19,30,46,3
Charkoli,1.0,250,250.0,8889554xxxx,1605103230,2020-11-11 19:30:30,2020-11-11,11,2020,11,19,30,46,3
Khaja,1.0,300,300.0,8889554xxxx,1605103230,2020-11-11 19:30:30,2020-11-11,11,2020,11,19,30,46,3
Sev,1.0,250,250.0,8889554xxxx,1605103230,2020-11-11 19:30:30,2020-11-11,11,2020,11,19,30,46,3
Ghujia,0.5,400,200.0,8889554xxxx,1605103230,2020-11-11 19:30:30,2020-11-11,11,2020,11,19,30,46,3
Sev,0.5,250,125.0,8889554xxxx,1605103230,2020-11-11 19:30:30,2020-11-11,11,2020,11,19,30,46,3
Papchi,0.5,300,150.0,8889554xxxx,1605103230,2020-11-11 19:30:30,2020-11-11,11,2020,11,19,30,46,3
Pidia,1.0,400,400.0,9826425xxxx,1605106607,2020-11-11 20:26:47,2020-11-11,11,2020,11,20,26,46,3
Charkoli,0.5,250,125.0,9826425xxxx,1605106607,2020-11-11 20:26:47,2020-11-11,11,2020,11,20,26,46,3
Sev,0.5,250,125.0,9826425xxxx,1605106607,2020-11-11 20:26:47,2020-11-11,11,2020,11,20,26,46,3
MixtureChiwda,0.5,250,125.0,9826425xxxx,1605106607,2020-11-11 20:26:47,2020-11-11,11,2020,11,20,26,46,3
Anarsa,0.5,300,150.0,9826425xxxx,1605106607,2020-11-11 20:26:47,2020-11-11,11,2020,11,20,26,46,3
Ghujia,0.5,400,200.0,9826425xxxx,1605106607,2020-11-11 20:26:47,2020-11-11,11,2020,11,20,26,46,3
Laddu,0.5,400,200.0,9981542xxxx,1605108911,2020-11-11 21:05:11,2020-11-11,11,2020,11,21,5,46,3
Pidia,0.5,400,200.0,9981542xxxx,1605108911,2020-11-11 21:05:11,2020-11-11,11,2020,11,21,5,46,3
Khaja,1.0,300,300.0,9981542xxxx,1605108911,2020-11-11 21:05:11,2020-11-11,11,2020,11,21,5,46,3
Pidia,0.5,400,200.0,9981542xxxx,1605108911,2020-11-11 21:05:11,2020-11-11,11,2020,11,21,5,46,3
Ghujia,1.0,400,400.0,9981542xxxx,1605108911,2020-11-11 21:05:11,2020-11-11,11,2020,11,21,5,46,3
Anarsa,0.5,300,150.0,9981542xxxx,1605108911,2020-11-11 21:05:11,2020-11-11,11,2020,11,21,5,46,3
Sakkarpara,0.5,250,125.0,9981542xxxx,1605108911,2020-11-11 21:05:11,2020-11-11,11,2020,11,21,5,46,3
Mathri,0.5,250,125.0,9981542xxxx,1605108911,2020-11-11 21:05:11,2020-11-11,11,2020,11,21,5,46,3
Charkoli,0.5,250,125.0,9981542xxxx,1605108911,2020-11-11 21:05:11,2020-11-11,11,2020,11,21,5,46,3
Namkeen,0.5,200,100.0,9981542xxxx,1605108911,2020-11-11 21:05:11,2020-11-11,11,2020,11,21,5,46,3
Mixture1,0.25,200,50.0,9981542xxxx,1605108911,2020-11-11 21:05:11,2020-11-11,11,2020,11,21,5,46,3
Sev,0.5,250,125.0,9981542xxxx,1605108911,2020-11-11 21:05:11,2020-11-11,11,2020,11,21,5,46,3
Anarsa,0.5,300,150.0,9406200xxxx,1605110855,2020-11-11 21:37:35,2020-11-11,11,2020,11,21,37,46,3
Khaja,0.5,300,150.0,9406200xxxx,1605110855,2020-11-11 21:37:35,2020-11-11,11,2020,11,21,37,46,3
Anarsa,0.5,300,150.0,9406200xxxx,1605155023,2020-11-12 09:53:43,2020-11-12,11,2020,12,9,53,46,4
Khaja,0.5,300,150.0,9406200xxxx,1605155023,2020-11-12 09:53:43,2020-11-12,11,2020,12,9,53,46,4
Anarsa,0.5,300,150.0,9406200xxxx,1605170019,2020-11-12 14:03:39,2020-11-12,11,2020,12,14,3,46,4
Khaja,0.5,300,150.0,9406200xxxx,1605170019,2020-11-12 14:03:39,2020-11-12,11,2020,12,14,3,46,4
Pidia,0.5,400,200.0,9575991xxxx,1605170704,2020-11-12 14:15:04,2020-11-12,11,2020,12,14,15,46,4
Khaja,1.0,300,300.0,9575991xxxx,1605170704,2020-11-12 14:15:04,2020-11-12,11,2020,12,14,15,46,4
Anarsa,0.25,300,75.0,9575991xxxx,1605170704,2020-11-12 14:15:04,2020-11-12,11,2020,12,14,15,46,4
Ghujia,0.25,400,100.0,9301334xxxx,1605171718,2020-11-12 14:31:58,2020-11-12,11,2020,12,14,31,46,4
Khaja,0.25,300,75.0,9301334xxxx,1605171718,2020-11-12 14:31:58,2020-11-12,11,2020,12,14,31,46,4
Charkoli,0.5,250,125.0,9301334xxxx,1605171718,2020-11-12 14:31:58,2020-11-12,11,2020,12,14,31,46,4
UradBari,0.25,400,100.0,9301334xxxx,1605171718,2020-11-12 14:31:58,2020-11-12,11,2020,12,14,31,46,4
Laddu,0.5,400,200.0,9691855xxxx,1605174930,2020-11-12 15:25:30,2020-11-12,11,2020,12,15,25,46,4
Pidia,0.5,400,200.0,9691855xxxx,1605174930,2020-11-12 15:25:30,2020-11-12,11,2020,12,15,25,46,4
Ghujia,0.5,400,200.0,9691855xxxx,1605174930,2020-11-12 15:25:30,2020-11-12,11,2020,12,15,25,46,4
Charkoli,0.5,250,125.0,9691855xxxx,1605174930,2020-11-12 15:25:30,2020-11-12,11,2020,12,15,25,46,4
LaiBadi,0.5,300,150.0,9691855xxxx,1605174930,2020-11-12 15:25:30,2020-11-12,11,2020,12,15,25,46,4
ChawalPapad,0.25,200,50.0,9691855xxxx,1605174930,2020-11-12 15:25:30,2020-11-12,11,2020,12,15,25,46,4
ChawalSevMurku,0.5,200,100.0,9691855xxxx,1605174930,2020-11-12 15:25:30,2020-11-12,11,2020,12,15,25,46,4
Anarsa,0.5,300,150.0,7974476xxxx,1605175184,2020-11-12 15:29:44,2020-11-12,11,2020,12,15,29,46,4
KariLaddu,0.5,300,150.0,7974476xxxx,1605175184,2020-11-12 15:29:44,2020-11-12,11,2020,12,15,29,46,4
Laddu,1.0,400,400.0,6262777xxxx,1605175323,2020-11-12 15:32:03,2020-11-12,11,2020,12,15,32,46,4
Pidia,1.0,400,400.0,6262777xxxx,1605175323,2020-11-12 15:32:03,2020-11-12,11,2020,12,15,32,46,4
Khaja,1.0,300,300.0,6262777xxxx,1605175323,2020-11-12 15:32:03,2020-11-12,11,2020,12,15,32,46,4
Ghujia,1.0,400,400.0,6262777xxxx,1605175323,2020-11-12 15:32:03,2020-11-12,11,2020,12,15,32,46,4
Anarsa,1.0,300,300.0,6262777xxxx,1605175323,2020-11-12 15:32:03,2020-11-12,11,2020,12,15,32,46,4
Sakkarpara,1.0,250,250.0,6262777xxxx,1605175323,2020-11-12 15:32:03,2020-11-12,11,2020,12,15,32,46,4
Charkoli,1.0,250,250.0,6262777xxxx,1605175323,2020-11-12 15:32:03,2020-11-12,11,2020,12,15,32,46,4
Namkeen,1.0,200,200.0,6262777xxxx,1605175323,2020-11-12 15:32:03,2020-11-12,11,2020,12,15,32,46,4
Mixture1,1.0,200,200.0,6262777xxxx,1605175323,2020-11-12 15:32:03,2020-11-12,11,2020,12,15,32,46,4
MixtureChiwda,1.0,250,250.0,6262777xxxx,1605175323,2020-11-12 15:32:03,2020-11-12,11,2020,12,15,32,46,4
Charkoli,0.25,250,62.5,6262777xxxx,1605175323,2020-11-12 15:32:03,2020-11-12,11,2020,12,15,32,46,4
Laddu,0.5,400,200.0,9425517xxxx,1605176040,2020-11-12 15:44:00,2020-11-12,11,2020,12,15,44,46,4
Pidia,0.5,400,200.0,9425517xxxx,1605176040,2020-11-12 15:44:00,2020-11-12,11,2020,12,15,44,46,4
Pidia,0.5,400,200.0,9425517xxxx,1605176040,2020-11-12 15:44:00,2020-11-12,11,2020,12,15,44,46,4
Pidia,0.5,400,200.0,9425517xxxx,1605176040,2020-11-12 15:44:00,2020-11-12,11,2020,12,15,44,46,4
Khaja,0.5,300,150.0,9425517xxxx,1605176040,2020-11-12 15:44:00,2020-11-12,11,2020,12,15,44,46,4
Ghujia,0.5,400,200.0,9425517xxxx,1605176040,2020-11-12 15:44:00,2020-11-12,11,2020,12,15,44,46,4
Laddu,1.0,400,400.0,9827162xxxx,1605180179,2020-11-12 16:52:59,2020-11-12,11,2020,12,16,52,46,4
Pidia,1.0,400,400.0,9827162xxxx,1605180179,2020-11-12 16:52:59,2020-11-12,11,2020,12,16,52,46,4
DawaiLaddu,0.25,700,175.0,9827162xxxx,1605180277,2020-11-12 16:54:37,2020-11-12,11,2020,12,16,54,46,4
Ghujia,1.0,400,400.0,9229265xxxx,1605180310,2020-11-12 16:55:10,2020-11-12,11,2020,12,16,55,46,4
Ghujia,1.0,400,400.0,9229265xxxx,1605180310,2020-11-12 16:55:10,2020-11-12,11,2020,12,16,55,46,4
Ghujia,1.0,400,400.0,9229265xxxx,1605180310,2020-11-12 16:55:10,2020-11-12,11,2020,12,16,55,46,4
DawaiLaddu,1.0,700,700.0,9691440xxxx,1605186579,2020-11-12 18:39:39,2020-11-12,11,2020,12,18,39,46,4
Pidia,0.5,400,200.0,9926155xxxx,1605186924,2020-11-12 18:45:24,2020-11-12,11,2020,12,18,45,46,4
Ghujia,0.5,400,200.0,9926155xxxx,1605186924,2020-11-12 18:45:24,2020-11-12,11,2020,12,18,45,46,4
Charkoli,1.0,250,250.0,9926155xxxx,1605186924,2020-11-12 18:45:24,2020-11-12,11,2020,12,18,45,46,4
Laddu,0.5,400,200.0,9926155xxxx,1605186924,2020-11-12 18:45:24,2020-11-12,11,2020,12,18,45,46,4
KariLaddu,1.0,300,300.0,9926155xxxx,1605186924,2020-11-12 18:45:24,2020-11-12,11,2020,12,18,45,46,4
Namkeen,0.5,200,100.0,9926155xxxx,1605186924,2020-11-12 18:45:24,2020-11-12,11,2020,12,18,45,46,4
Anarsa,1.0,300,300.0,9926155xxxx,1605186924,2020-11-12 18:45:24,2020-11-12,11,2020,12,18,45,46,4
MixtureChiwda,0.5,250,125.0,9575945xxxx,1605186969,2020-11-12 18:46:09,2020-11-12,11,2020,12,18,46,46,4
Ghujia,0.5,400,200.0,9575945xxxx,1605186969,2020-11-12 18:46:09,2020-11-12,11,2020,12,18,46,46,4
Papchi,0.25,300,75.0,9575945xxxx,1605186969,2020-11-12 18:46:09,2020-11-12,11,2020,12,18,46,46,4
Laddu,1.0,400,400.0,9893211xxxx,1605187135,2020-11-12 18:48:55,2020-11-12,11,2020,12,18,48,46,4
Pidia,1.0,400,400.0,9893211xxxx,1605187135,2020-11-12 18:48:55,2020-11-12,11,2020,12,18,48,46,4
Charkoli,1.0,250,250.0,9993978xxxx,1605190828,2020-11-12 19:50:28,2020-11-12,11,2020,12,19,50,46,4
Charkoli,0.5,250,125.0,9993978xxxx,1605190828,2020-11-12 19:50:28,2020-11-12,11,2020,12,19,50,46,4
RaitaBundi,0.25,200,50.0,9993978xxxx,1605190828,2020-11-12 19:50:28,2020-11-12,11,2020,12,19,50,46,4
Bidia,0.25,250,62.5,9993978xxxx,1605190828,2020-11-12 19:50:28,2020-11-12,11,2020,12,19,50,46,4
LaiBadi,0.5,300,150.0,9993978xxxx,1605190828,2020-11-12 19:50:28,2020-11-12,11,2020,12,19,50,46,4
Sev,0.5,250,125.0,9993978xxxx,1605190828,2020-11-12 19:50:28,2020-11-12,11,2020,12,19,50,46,4
Mathri,0.5,250,125.0,9993978xxxx,1605190828,2020-11-12 19:50:28,2020-11-12,11,2020,12,19,50,46,4
Ghujia,0.5,400,200.0,9993978xxxx,1605190828,2020-11-12 19:50:28,2020-11-12,11,2020,12,19,50,46,4
Laddu,0.5,400,200.0,9617096xxxx,1605191091,2020-11-12 19:54:51,2020-11-12,11,2020,12,19,54,46,4
Ghujia,1.0,400,400.0,8871256xxxx,1605191346,2020-11-12 19:59:06,2020-11-12,11,2020,12,19,59,46,4
Ghujia,0.5,400,200.0,8871256xxxx,1605191346,2020-11-12 19:59:06,2020-11-12,11,2020,12,19,59,46,4
Laddu,1.0,400,400.0,8602447xxxx,1605193561,2020-11-12 20:36:01,2020-11-12,11,2020,12,20,36,46,4
Ghujia,1.0,400,400.0,8602447xxxx,1605193561,2020-11-12 20:36:01,2020-11-12,11,2020,12,20,36,46,4
Pidia,0.5,400,200.0,8602447xxxx,1605193561,2020-11-12 20:36:01,2020-11-12,11,2020,12,20,36,46,4
MixtureChiwda,1.0,250,250.0,8602447xxxx,1605193561,2020-11-12 20:36:01,2020-11-12,11,2020,12,20,36,46,4
MixtureChiwda,0.5,250,125.0,8602447xxxx,1605193561,2020-11-12 20:36:01,2020-11-12,11,2020,12,20,36,46,4
Khaja,1.0,300,300.0,9827115xxxx,1605193705,2020-11-12 20:38:25,2020-11-12,11,2020,12,20,38,46,4
Anarsa,0.5,300,150.0,9827115xxxx,1605193705,2020-11-12 20:38:25,2020-11-12,11,2020,12,20,38,46,4
Ghujia,1.0,400,400.0,9425208xxxx,1605238287,2020-11-13 09:01:27,2020-11-13,11,2020,13,9,1,46,5
Ghujia,1.0,400,400.0,9425208xxxx,1605238287,2020-11-13 09:01:27,2020-11-13,11,2020,13,9,1,46,5
Bidia,0.5,250,125.0,9425208xxxx,1605238287,2020-11-13 09:01:27,2020-11-13,11,2020,13,9,1,46,5
Namkeen,1.0,200,200.0,9425208xxxx,1605238287,2020-11-13 09:01:27,2020-11-13,11,2020,13,9,1,46,5
Namkeen,0.5,200,100.0,9425208xxxx,1605238287,2020-11-13 09:01:27,2020-11-13,11,2020,13,9,1,46,5
Khaja,1.0,300,300.0,9425208xxxx,1605238287,2020-11-13 09:01:27,2020-11-13,11,2020,13,9,1,46,5
Anarsa,0.5,300,150.0,9425208xxxx,1605238287,2020-11-13 09:01:27,2020-11-13,11,2020,13,9,1,46,5
Bidia,0.5,250,125.0,9425208xxxx,1605238287,2020-11-13 09:01:27,2020-11-13,11,2020,13,9,1,46,5
Bidia,0.25,250,62.5,9425208xxxx,1605238287,2020-11-13 09:01:27,2020-11-13,11,2020,13,9,1,46,5
Mathri,1.0,250,250.0,9425208xxxx,1605238287,2020-11-13 09:01:27,2020-11-13,11,2020,13,9,1,46,5
Charkoli,1.0,250,250.0,9425208xxxx,1605238287,2020-11-13 09:01:27,2020-11-13,11,2020,13,9,1,46,5
Mixture1,0.5,200,100.0,9425208xxxx,1605238287,2020-11-13 09:01:27,2020-11-13,11,2020,13,9,1,46,5
MixtureChiwda,0.5,250,125.0,9425208xxxx,1605238287,2020-11-13 09:01:27,2020-11-13,11,2020,13,9,1,46,5
RaitaBundi,0.5,200,100.0,9425208xxxx,1605238287,2020-11-13 09:01:27,2020-11-13,11,2020,13,9,1,46,5
Anarsa,0.5,300,150.0,9425208xxxx,1605238287,2020-11-13 09:01:27,2020-11-13,11,2020,13,9,1,46,5
Bidia,0.5,250,125.0,9425208xxxx,1605238287,2020-11-13 09:01:27,2020-11-13,11,2020,13,9,1,46,5
Pidia,1.0,400,400.0,9425208xxxx,1605238287,2020-11-13 09:01:27,2020-11-13,11,2020,13,9,1,46,5
Pidia,1.0,400,400.0,9425208xxxx,1605238287,2020-11-13 09:01:27,2020-11-13,11,2020,13,9,1,46,5
Pidia,1.0,400,400.0,9425208xxxx,1605238287,2020-11-13 09:01:27,2020-11-13,11,2020,13,9,1,46,5
Pidia,1.0,400,400.0,9425208xxxx,1605238287,2020-11-13 09:01:27,2020-11-13,11,2020,13,9,1,46,5
Pidia,1.0,400,400.0,9425208xxxx,1605238287,2020-11-13 09:01:27,2020-11-13,11,2020,13,9,1,46,5
Ghujia,1.0,400,400.0,9340842xxxx,1605240919,2020-11-13 09:45:19,2020-11-13,11,2020,13,9,45,46,5
Thetri,0.5,250,125.0,9340842xxxx,1605240919,2020-11-13 09:45:19,2020-11-13,11,2020,13,9,45,46,5
Sev,0.5,250,125.0,9340842xxxx,1605240919,2020-11-13 09:45:19,2020-11-13,11,2020,13,9,45,46,5
Khurmi,0.5,300,150.0,9340842xxxx,1605240919,2020-11-13 09:45:19,2020-11-13,11,2020,13,9,45,46,5
Mixture1,1.0,200,200.0,8459781xxxx,1605247271,2020-11-13 11:31:11,2020-11-13,11,2020,13,11,31,46,5
Namkeen,1.0,200,200.0,8459781xxxx,1605247271,2020-11-13 11:31:11,2020-11-13,11,2020,13,11,31,46,5
Khaja,0.5,300,150.0,8459781xxxx,1605247271,2020-11-13 11:31:11,2020-11-13,11,2020,13,11,31,46,5
Sev,0.5,250,125.0,9340597xxxx,1605247984,2020-11-13 11:43:04,2020-11-13,11,2020,13,11,43,46,5
Ghujia,1.0,400,400.0,9340597xxxx,1605247984,2020-11-13 11:43:04,2020-11-13,11,2020,13,11,43,46,5
Namkeen,1.0,200,200.0,9340597xxxx,1605247984,2020-11-13 11:43:04,2020-11-13,11,2020,13,11,43,46,5
Mathri,0.5,250,125.0,9340597xxxx,1605247984,2020-11-13 11:43:04,2020-11-13,11,2020,13,11,43,46,5
Anarsa,0.5,300,150.0,9826174xxxx,1605248150,2020-11-13 11:45:50,2020-11-13,11,2020,13,11,45,46,5
Ghujia,0.5,400,200.0,9826174xxxx,1605248150,2020-11-13 11:45:50,2020-11-13,11,2020,13,11,45,46,5
Mathri,0.25,250,62.5,9826174xxxx,1605248150,2020-11-13 11:45:50,2020-11-13,11,2020,13,11,45,46,5
Charkoli,0.25,250,62.5,9826174xxxx,1605248150,2020-11-13 11:45:50,2020-11-13,11,2020,13,11,45,46,5
Ghujia,0.25,400,100.0,9977690xxxx,1605248297,2020-11-13 11:48:17,2020-11-13,11,2020,13,11,48,46,5
Pidia,0.25,400,100.0,9977690xxxx,1605248297,2020-11-13 11:48:17,2020-11-13,11,2020,13,11,48,46,5
Laddu,0.25,400,100.0,9977690xxxx,1605248297,2020-11-13 11:48:17,2020-11-13,11,2020,13,11,48,46,5
Khaja,1.0,300,300.0,9462081xxxx,1605249713,2020-11-13 12:11:53,2020-11-13,11,2020,13,12,11,46,5
Ghujia,0.25,400,100.0,xxxx,1605250510,2020-11-13 12:25:10,2020-11-13,11,2020,13,12,25,46,5
Laddu,0.25,400,100.0,xxxx,1605250510,2020-11-13 12:25:10,2020-11-13,11,2020,13,12,25,46,5
Pidia,1.0,400,400.0,9174157xxxx,1605251716,2020-11-13 12:45:16,2020-11-13,11,2020,13,12,45,46,5
Mixture1,0.5,200,100.0,`99078xxxx,1605252769,2020-11-13 13:02:49,2020-11-13,11,2020,13,13,2,46,5
Charkoli,0.5,250,125.0,`99078xxxx,1605252769,2020-11-13 13:02:49,2020-11-13,11,2020,13,13,2,46,5
Khaja,0.5,300,150.0,`99078xxxx,1605252769,2020-11-13 13:02:49,2020-11-13,11,2020,13,13,2,46,5
KariLaddu,1.0,300,300.0,`99078xxxx,1605252769,2020-11-13 13:02:49,2020-11-13,11,2020,13,13,2,46,5
Ghujia,0.25,400,100.0,`99078xxxx,1605252769,2020-11-13 13:02:49,2020-11-13,11,2020,13,13,2,46,5
Laddu,0.5,400,200.0,`99078xxxx,1605252769,2020-11-13 13:02:49,2020-11-13,11,2020,13,13,2,46,5
Ghujia,0.5,400,200.0,79995xxxx,1605253520,2020-11-13 13:15:20,2020-11-13,11,2020,13,13,15,46,5
Thetri,0.5,250,125.0,79995xxxx,1605253520,2020-11-13 13:15:20,2020-11-13,11,2020,13,13,15,46,5
Sev,0.5,250,125.0,79995xxxx,1605253520,2020-11-13 13:15:20,2020-11-13,11,2020,13,13,15,46,5
Laddu,0.5,400,200.0,79995xxxx,1605253520,2020-11-13 13:15:20,2020-11-13,11,2020,13,13,15,46,5
Pidia,0.5,400,200.0,79995xxxx,1605253520,2020-11-13 13:15:20,2020-11-13,11,2020,13,13,15,46,5
Sakkarpara,0.5,250,125.0,79995xxxx,1605253520,2020-11-13 13:15:20,2020-11-13,11,2020,13,13,15,46,5
Charkoli,1.0,250,250.0,79995xxxx,1605253520,2020-11-13 13:15:20,2020-11-13,11,2020,13,13,15,46,5
MixtureChiwda,1.0,250,250.0,99261xxxx,1605253760,2020-11-13 13:19:20,2020-11-13,11,2020,13,13,19,46,5
Charkoli,0.5,250,125.0,99261xxxx,1605253760,2020-11-13 13:19:20,2020-11-13,11,2020,13,13,19,46,5
Ghujia,0.5,400,200.0,99261xxxx,1605253760,2020-11-13 13:19:20,2020-11-13,11,2020,13,13,19,46,5
Pidia,0.5,400,200.0,95759xxxx,1605256231,2020-11-13 14:00:31,2020-11-13,11,2020,13,14,0,46,5
Pidia,0.5,400,200.0,95759xxxx,1605256231,2020-11-13 14:00:31,2020-11-13,11,2020,13,14,0,46,5
Anarsa,0.5,300,150.0,95759xxxx,1605256231,2020-11-13 14:00:31,2020-11-13,11,2020,13,14,0,46,5
Khaja,0.5,300,150.0,90985xxxx,1605256307,2020-11-13 14:01:47,2020-11-13,11,2020,13,14,1,46,5
Khaja,0.5,300,150.0,90985xxxx,1605256307,2020-11-13 14:01:47,2020-11-13,11,2020,13,14,1,46,5
Ghujia,0.5,400,200.0,90985xxxx,1605256307,2020-11-13 14:01:47,2020-11-13,11,2020,13,14,1,46,5
Ghujia,0.5,400,200.0,90985xxxx,1605256307,2020-11-13 14:01:47,2020-11-13,11,2020,13,14,1,46,5
Mathri,0.5,250,125.0,90985xxxx,1605256307,2020-11-13 14:01:47,2020-11-13,11,2020,13,14,1,46,5
Charkoli,0.5,250,125.0,90985xxxx,1605256307,2020-11-13 14:01:47,2020-11-13,11,2020,13,14,1,46,5
Sev,0.5,250,125.0,90985xxxx,1605256307,2020-11-13 14:01:47,2020-11-13,11,2020,13,14,1,46,5
Anarsa,0.5,300,150.0,90985xxxx,1605256307,2020-11-13 14:01:47,2020-11-13,11,2020,13,14,1,46,5
Anarsa,0.5,300,150.0,90985xxxx,1605256307,2020-11-13 14:01:47,2020-11-13,11,2020,13,14,1,46,5
Pidia,0.5,400,200.0,79872xxxx,1605258954,2020-11-13 14:45:54,2020-11-13,11,2020,13,14,45,46,5
Ghujia,1.0,400,400.0,79872xxxx,1605258954,2020-11-13 14:45:54,2020-11-13,11,2020,13,14,45,46,5
Pidia,1.0,400,400.0,93000xxxx,1605259529,2020-11-13 14:55:29,2020-11-13,11,2020,13,14,55,46,5
Khaja,1.0,300,300.0,93000xxxx,1605259529,2020-11-13 14:55:29,2020-11-13,11,2020,13,14,55,46,5
Thetri,1.0,250,250.0,93000xxxx,1605259529,2020-11-13 14:55:29,2020-11-13,11,2020,13,14,55,46,5
Khurmi,1.0,300,300.0,93000xxxx,1605259529,2020-11-13 14:55:29,2020-11-13,11,2020,13,14,55,46,5
Ghujia,0.5,400,200.0,93000xxxx,1605259529,2020-11-13 14:55:29,2020-11-13,11,2020,13,14,55,46,5
Sakkarpara,0.5,250,125.0,93000xxxx,1605259529,2020-11-13 14:55:29,2020-11-13,11,2020,13,14,55,46,5
Charkoli,0.25,250,62.5,93000xxxx,1605259529,2020-11-13 14:55:29,2020-11-13,11,2020,13,14,55,46,5
Pidia,0.5,400,200.0,94252xxxx,1605262975,2020-11-13 15:52:55,2020-11-13,11,2020,13,15,52,46,5
Khaja,1.0,300,300.0,94252xxxx,1605262975,2020-11-13 15:52:55,2020-11-13,11,2020,13,15,52,46,5
Ghujia,0.5,400,200.0,94252xxxx,1605262975,2020-11-13 15:52:55,2020-11-13,11,2020,13,15,52,46,5
Laddu,0.5,400,200.0,93025xxxx,1605263233,2020-11-13 15:57:13,2020-11-13,11,2020,13,15,57,46,5
Ghujia,0.5,400,200.0,93025xxxx,1605263233,2020-11-13 15:57:13,2020-11-13,11,2020,13,15,57,46,5
Charkoli,0.5,250,125.0,93025xxxx,1605263233,2020-11-13 15:57:13,2020-11-13,11,2020,13,15,57,46,5
Laddu,1.0,400,400.0,86022xxxx,1605266020,2020-11-13 16:43:40,2020-11-13,11,2020,13,16,43,46,5
Laddu,1.0,400,400.0,86022xxxx,1605266020,2020-11-13 16:43:40,2020-11-13,11,2020,13,16,43,46,5
Laddu,1.0,400,400.0,86022xxxx,1605266020,2020-11-13 16:43:40,2020-11-13,11,2020,13,16,43,46,5
Laddu,1.0,400,400.0,86022xxxx,1605266020,2020-11-13 16:43:40,2020-11-13,11,2020,13,16,43,46,5
Laddu,1.0,400,400.0,86022xxxx,1605266020,2020-11-13 16:43:40,2020-11-13,11,2020,13,16,43,46,5
Laddu,1.0,400,400.0,86022xxxx,1605266020,2020-11-13 16:43:40,2020-11-13,11,2020,13,16,43,46,5
Ghujia,0.5,400,200.0,78281xxxx,1605266043,2020-11-13 16:44:03,2020-11-13,11,2020,13,16,44,46,5
Charkoli,0.5,250,125.0,78281xxxx,1605266043,2020-11-13 16:44:03,2020-11-13,11,2020,13,16,44,46,5
Mixture1,0.25,200,50.0,78281xxxx,1605266043,2020-11-13 16:44:03,2020-11-13,11,2020,13,16,44,46,5
Mixture1,0.25,200,50.0,78281xxxx,1605266043,2020-11-13 16:44:03,2020-11-13,11,2020,13,16,44,46,5
Laddu,1.0,400,400.0,99261xxxx,1605271178,2020-11-13 18:09:38,2020-11-13,11,2020,13,18,9,46,5
Ghujia,1.0,400,400.0,83198xxxx,1605271253,2020-11-13 18:10:53,2020-11-13,11,2020,13,18,10,46,5
Ghujia,0.5,400,200.0,83198xxxx,1605271253,2020-11-13 18:10:53,2020-11-13,11,2020,13,18,10,46,5
Namkeen,1.0,200,200.0,83198xxxx,1605271253,2020-11-13 18:10:53,2020-11-13,11,2020,13,18,10,46,5
Charkoli,1.0,250,250.0,83198xxxx,1605271253,2020-11-13 18:10:53,2020-11-13,11,2020,13,18,10,46,5
Charkoli,0.5,250,125.0,83198xxxx,1605271253,2020-11-13 18:10:53,2020-11-13,11,2020,13,18,10,46,5
Khurmi,1.0,300,300.0,83198xxxx,1605271253,2020-11-13 18:10:53,2020-11-13,11,2020,13,18,10,46,5
Namkeen,0.5,200,100.0,83198xxxx,1605271253,2020-11-13 18:10:53,2020-11-13,11,2020,13,18,10,46,5
Thetri,0.25,250,62.5,83198xxxx,1605271253,2020-11-13 18:10:53,2020-11-13,11,2020,13,18,10,46,5
Anarsa,1.0,300,300.0,98274xxxx,1605271436,2020-11-13 18:13:56,2020-11-13,11,2020,13,18,13,46,5
Anarsa,1.0,300,300.0,98274xxxx,1605271436,2020-11-13 18:13:56,2020-11-13,11,2020,13,18,13,46,5
Ghujia,1.0,400,400.0,98274xxxx,1605271436,2020-11-13 18:13:56,2020-11-13,11,2020,13,18,13,46,5
Ghujia,1.0,400,400.0,98274xxxx,1605271436,2020-11-13 18:13:56,2020-11-13,11,2020,13,18,13,46,5
Mixture1,1.0,200,200.0,98274xxxx,1605271436,2020-11-13 18:13:56,2020-11-13,11,2020,13,18,13,46,5
Charkoli,0.5,250,125.0,98274xxxx,1605271436,2020-11-13 18:13:56,2020-11-13,11,2020,13,18,13,46,5
Khaja,1.0,300,300.0,98274xxxx,1605271436,2020-11-13 18:13:56,2020-11-13,11,2020,13,18,13,46,5
Anarsa,1.0,300,300.0,xxxx,1605272634,2020-11-13 18:33:54,2020-11-13,11,2020,13,18,33,46,5
Pidia,0.5,400,200.0,xxxx,1605272634,2020-11-13 18:33:54,2020-11-13,11,2020,13,18,33,46,5
Ghujia,1.0,400,400.0,91099xxxx,1605273550,2020-11-13 18:49:10,2020-11-13,11,2020,13,18,49,46,5
Khaja,1.0,300,300.0,91099xxxx,1605273550,2020-11-13 18:49:10,2020-11-13,11,2020,13,18,49,46,5
MixtureChiwda,1.0,250,250.0,91099xxxx,1605273550,2020-11-13 18:49:10,2020-11-13,11,2020,13,18,49,46,5
Pidia,0.5,400,200.0,91099xxxx,1605273550,2020-11-13 18:49:10,2020-11-13,11,2020,13,18,49,46,5
Charkoli,0.5,250,125.0,91099xxxx,1605273550,2020-11-13 18:49:10,2020-11-13,11,2020,13,18,49,46,5
Khaja,1.0,300,300.0,91099xxxx,1605273550,2020-11-13 18:49:10,2020-11-13,11,2020,13,18,49,46,5
Mathri,0.25,250,62.5,91099xxxx,1605273550,2020-11-13 18:49:10,2020-11-13,11,2020,13,18,49,46,5
LaiBadi,0.5,300,150.0,91099xxxx,1605273550,2020-11-13 18:49:10,2020-11-13,11,2020,13,18,49,46,5
Khaja,1.0,300,300.0,91099xxxx,1605273550,2020-11-13 18:49:10,2020-11-13,11,2020,13,18,49,46,5
Khaja,0.25,300,75.0,91099xxxx,1605273550,2020-11-13 18:49:10,2020-11-13,11,2020,13,18,49,46,5
Laddu,1.0,400,400.0,91099xxxx,1605273550,2020-11-13 18:49:10,2020-11-13,11,2020,13,18,49,46,5
Laddu,0.5,400,200.0,91099xxxx,1605273550,2020-11-13 18:49:10,2020-11-13,11,2020,13,18,49,46,5
Bijori,0.5,400,200.0,91099xxxx,1605273550,2020-11-13 18:49:10,2020-11-13,11,2020,13,18,49,46,5
Khaja,1.0,300,300.0,91654xxxx,1605273590,2020-11-13 18:49:50,2020-11-13,11,2020,13,18,49,46,5
Khurmi,0.5,300,150.0,91654xxxx,1605273590,2020-11-13 18:49:50,2020-11-13,11,2020,13,18,49,46,5
Namkeen,0.5,200,100.0,91654xxxx,1605273590,2020-11-13 18:49:50,2020-11-13,11,2020,13,18,49,46,5
Ghujia,1.0,400,400.0,91654xxxx,1605273590,2020-11-13 18:49:50,2020-11-13,11,2020,13,18,49,46,5
Charkoli,1.0,250,250.0,98261xxxx,1605275021,2020-11-13 19:13:41,2020-11-13,11,2020,13,19,13,46,5
Khaja,1.0,300,300.0,98261xxxx,1605275021,2020-11-13 19:13:41,2020-11-13,11,2020,13,19,13,46,5
Khaja,1.0,300,300.0,98261xxxx,1605275021,2020-11-13 19:13:41,2020-11-13,11,2020,13,19,13,46,5
Khaja,0.5,300,150.0,xxxx,1605275128,2020-11-13 19:15:28,2020-11-13,11,2020,13,19,15,46,5
Laddu,0.5,400,200.0,96306xxxx,1605275358,2020-11-13 19:19:18,2020-11-13,11,2020,13,19,19,46,5
Khaja,0.5,300,150.0,96306xxxx,1605275358,2020-11-13 19:19:18,2020-11-13,11,2020,13,19,19,46,5
Pidia,0.25,400,100.0,88396xxxx,1605275481,2020-11-13 19:21:21,2020-11-13,11,2020,13,19,21,46,5
Pidia,0.25,400,100.0,88396xxxx,1605275481,2020-11-13 19:21:21,2020-11-13,11,2020,13,19,21,46,5
Khaja,0.25,300,75.0,88396xxxx,1605275481,2020-11-13 19:21:21,2020-11-13,11,2020,13,19,21,46,5
Laddu,0.25,400,100.0,88396xxxx,1605275481,2020-11-13 19:21:21,2020-11-13,11,2020,13,19,21,46,5
Pidia,0.25,400,100.0,87705xxxx,1605278021,2020-11-13 20:03:41,2020-11-13,11,2020,13,20,3,46,5
Ghujia,0.5,400,200.0,91654xxxx,1605280867,2020-11-13 20:51:07,2020-11-13,11,2020,13,20,51,46,5
Ghujia,0.5,400,200.0,91654xxxx,1605280867,2020-11-13 20:51:07,2020-11-13,11,2020,13,20,51,46,5
Ghujia,0.5,400,200.0,91654xxxx,1605280867,2020-11-13 20:51:07,2020-11-13,11,2020,13,20,51,46,5
Ghujia,0.5,400,200.0,91654xxxx,1605280867,2020-11-13 20:51:07,2020-11-13,11,2020,13,20,51,46,5
Namkeen,0.25,200,50.0,91654xxxx,1605280867,2020-11-13 20:51:07,2020-11-13,11,2020,13,20,51,46,5
Namkeen,0.25,200,50.0,91654xxxx,1605280867,2020-11-13 20:51:07,2020-11-13,11,2020,13,20,51,46,5
Namkeen,0.25,200,50.0,91654xxxx,1605280867,2020-11-13 20:51:07,2020-11-13,11,2020,13,20,51,46,5
Namkeen,0.25,200,50.0,91654xxxx,1605280867,2020-11-13 20:51:07,2020-11-13,11,2020,13,20,51,46,5
Khurmi,0.25,300,75.0,91654xxxx,1605280867,2020-11-13 20:51:07,2020-11-13,11,2020,13,20,51,46,5
Khurmi,0.25,300,75.0,91654xxxx,1605280867,2020-11-13 20:51:07,2020-11-13,11,2020,13,20,51,46,5
Khurmi,0.25,300,75.0,91654xxxx,1605280867,2020-11-13 20:51:07,2020-11-13,11,2020,13,20,51,46,5
Khurmi,0.25,300,75.0,91654xxxx,1605280867,2020-11-13 20:51:07,2020-11-13,11,2020,13,20,51,46,5
Ghujia,0.5,400,200.0,82238xxxx,1605321367,2020-11-14 08:06:07,2020-11-14,11,2020,14,8,6,46,6
Pidia,0.5,400,200.0,82238xxxx,1605321367,2020-11-14 08:06:07,2020-11-14,11,2020,14,8,6,46,6
Charkoli,0.5,250,125.0,82238xxxx,1605321367,2020-11-14 08:06:07,2020-11-14,11,2020,14,8,6,46,6
KariLaddu,0.5,300,150.0,82238xxxx,1605321367,2020-11-14 08:06:07,2020-11-14,11,2020,14,8,6,46,6
Mixture1,0.25,200,50.0,82238xxxx,1605321367,2020-11-14 08:06:07,2020-11-14,11,2020,14,8,6,46,6
Ghujia,0.5,400,200.0,94255xxxx,1605324066,2020-11-14 08:51:06,2020-11-14,11,2020,14,8,51,46,6
Charkoli,1.0,250,250.0,94255xxxx,1605324066,2020-11-14 08:51:06,2020-11-14,11,2020,14,8,51,46,6
Namkeen,0.5,200,100.0,94255xxxx,1605324066,2020-11-14 08:51:06,2020-11-14,11,2020,14,8,51,46,6
Ghujia,0.5,400,200.0,94255xxxx,1605324066,2020-11-14 08:51:06,2020-11-14,11,2020,14,8,51,46,6
Ghujia,1.0,400,400.0,97130xxxx,1605329567,2020-11-14 10:22:47,2020-11-14,11,2020,14,10,22,46,6
Khaja,1.0,300,300.0,97130xxxx,1605329567,2020-11-14 10:22:47,2020-11-14,11,2020,14,10,22,46,6
Charkoli,1.0,250,250.0,97130xxxx,1605329567,2020-11-14 10:22:47,2020-11-14,11,2020,14,10,22,46,6
Khaja,1.0,300,300.0,98261xxxx,1605335338,2020-11-14 11:58:58,2020-11-14,11,2020,14,11,58,46,6
Ghujia,1.0,400,400.0,98261xxxx,1605335338,2020-11-14 11:58:58,2020-11-14,11,2020,14,11,58,46,6
Pidia,1.0,400,400.0,98261xxxx,1605335338,2020-11-14 11:58:58,2020-11-14,11,2020,14,11,58,46,6
Charkoli,0.5,250,125.0,98261xxxx,1605335338,2020-11-14 11:58:58,2020-11-14,11,2020,14,11,58,46,6
Sev,0.5,250,125.0,98268xxxx,1605335467,2020-11-14 12:01:07,2020-11-14,11,2020,14,12,1,46,6
Anarsa,0.5,300,150.0,98268xxxx,1605335467,2020-11-14 12:01:07,2020-11-14,11,2020,14,12,1,46,6
Khaja,0.5,300,150.0,98268xxxx,1605335467,2020-11-14 12:01:07,2020-11-14,11,2020,14,12,1,46,6
Ghujia,0.5,400,200.0,98268xxxx,1605335467,2020-11-14 12:01:07,2020-11-14,11,2020,14,12,1,46,6
Ghujia,0.5,400,200.0,98268xxxx,1605335467,2020-11-14 12:01:07,2020-11-14,11,2020,14,12,1,46,6
Khaja,0.25,300,75.0,79747xxxx,1605335552,2020-11-14 12:02:32,2020-11-14,11,2020,14,12,2,46,6
Charkoli,0.25,250,62.5,79747xxxx,1605335552,2020-11-14 12:02:32,2020-11-14,11,2020,14,12,2,46,6
Ghujia,0.25,400,100.0,79747xxxx,1605335552,2020-11-14 12:02:32,2020-11-14,11,2020,14,12,2,46,6
Namkeen,0.25,200,50.0,79747xxxx,1605335552,2020-11-14 12:02:32,2020-11-14,11,2020,14,12,2,46,6
Ghujia,1.0,400,400.0,xxxx,1605335841,2020-11-14 12:07:21,2020-11-14,11,2020,14,12,7,46,6
Anarsa,0.5,300,150.0,xxxx,1605335841,2020-11-14 12:07:21,2020-11-14,11,2020,14,12,7,46,6
Charkoli,0.25,250,62.5,xxxx,1605335841,2020-11-14 12:07:21,2020-11-14,11,2020,14,12,7,46,6
Khaja,0.25,300,75.0,xxxx,1605335841,2020-11-14 12:07:21,2020-11-14,11,2020,14,12,7,46,6
Pidia,0.5,400,200.0,xxxx,1605335841,2020-11-14 12:07:21,2020-11-14,11,2020,14,12,7,46,6
BesanBarfi,0.25,400,100.0,xxxx,1605335841,2020-11-14 12:07:21,2020-11-14,11,2020,14,12,7,46,6
Anarsa,0.25,300,75.0,xxxx,1605339381,2020-11-14 13:06:21,2020-11-14,11,2020,14,13,6,46,6
Anarsa,0.25,300,75.0,xxxx,1605339381,2020-11-14 13:06:21,2020-11-14,11,2020,14,13,6,46,6
Anarsa,0.25,300,75.0,xxxx,1605339381,2020-11-14 13:06:21,2020-11-14,11,2020,14,13,6,46,6
Anarsa,0.25,300,75.0,xxxx,1605339381,2020-11-14 13:06:21,2020-11-14,11,2020,14,13,6,46,6
Sev,0.25,250,62.5,xxxx,1605339381,2020-11-14 13:06:21,2020-11-14,11,2020,14,13,6,46,6
Sev,0.25,250,62.5,xxxx,1605339381,2020-11-14 13:06:21,2020-11-14,11,2020,14,13,6,46,6
Sev,0.25,250,62.5,xxxx,1605339381,2020-11-14 13:06:21,2020-11-14,11,2020,14,13,6,46,6
Sev,0.25,250,62.5,xxxx,1605339381,2020-11-14 13:06:21,2020-11-14,11,2020,14,13,6,46,6
Charkoli,1.0,250,250.0,xxxx,1605339381,2020-11-14 13:06:21,2020-11-14,11,2020,14,13,6,46,6
Laddu,1.0,400,400.0,98264xxxx,1605339408,2020-11-14 13:06:48,2020-11-14,11,2020,14,13,6,46,6
Anarsa,0.5,300,150.0,99810xxxx,1605340341,2020-11-14 13:22:21,2020-11-14,11,2020,14,13,22,46,6
Ghujia,0.25,400,100.0,99810xxxx,1605340341,2020-11-14 13:22:21,2020-11-14,11,2020,14,13,22,46,6
Pidia,0.25,400,100.0,99810xxxx,1605340341,2020-11-14 13:22:21,2020-11-14,11,2020,14,13,22,46,6
BundiLaddu,0.25,200,50.0,99810xxxx,1605340341,2020-11-14 13:22:21,2020-11-14,11,2020,14,13,22,46,6
BundiLaddu,0.25,200,50.0,99810xxxx,1605340341,2020-11-14 13:22:21,2020-11-14,11,2020,14,13,22,46,6
Mixture1,1.0,200,200.0,98265xxxx,1605340886,2020-11-14 13:31:26,2020-11-14,11,2020,14,13,31,46,6
Charkoli,1.0,250,250.0,98265xxxx,1605340886,2020-11-14 13:31:26,2020-11-14,11,2020,14,13,31,46,6
Sev,1.0,250,250.0,98265xxxx,1605340886,2020-11-14 13:31:26,2020-11-14,11,2020,14,13,31,46,6
Mathri,1.0,250,250.0,98265xxxx,1605340886,2020-11-14 13:31:26,2020-11-14,11,2020,14,13,31,46,6
Namkeen,1.0,200,200.0,98265xxxx,1605340886,2020-11-14 13:31:26,2020-11-14,11,2020,14,13,31,46,6
Laddu,0.5,400,200.0,77240xxxx,1605340953,2020-11-14 13:32:33,2020-11-14,11,2020,14,13,32,46,6
Pidia,0.5,400,200.0,77240xxxx,1605340953,2020-11-14 13:32:33,2020-11-14,11,2020,14,13,32,46,6
Charkoli,1.0,250,250.0,7006xxxx,1605347464,2020-11-14 15:21:04,2020-11-14,11,2020,14,15,21,46,6
Ghujia,1.0,400,400.0,7006xxxx,1605347464,2020-11-14 15:21:04,2020-11-14,11,2020,14,15,21,46,6
Namkeen,0.5,200,100.0,7006xxxx,1605347464,2020-11-14 15:21:04,2020-11-14,11,2020,14,15,21,46,6
Sev,0.5,250,125.0,7006xxxx,1605347464,2020-11-14 15:21:04,2020-11-14,11,2020,14,15,21,46,6
Pidia,0.5,400,200.0,7006xxxx,1605347464,2020-11-14 15:21:04,2020-11-14,11,2020,14,15,21,46,6
Mixture1,0.5,200,100.0,97554xxxx,1605348610,2020-11-14 15:40:10,2020-11-14,11,2020,14,15,40,46,6
Ghujia,0.5,400,200.0,97554xxxx,1605348610,2020-11-14 15:40:10,2020-11-14,11,2020,14,15,40,46,6
KariLaddu,0.5,300,150.0,97554xxxx,1605348610,2020-11-14 15:40:10,2020-11-14,11,2020,14,15,40,46,6
Anarsa,0.5,300,150.0,97554xxxx,1605348610,2020-11-14 15:40:10,2020-11-14,11,2020,14,15,40,46,6
Laddu,0.5,400,200.0,90396xxxx,1605351935,2020-11-14 16:35:35,2020-11-14,11,2020,14,16,35,46,6
Pidia,0.5,400,200.0,90396xxxx,1605351935,2020-11-14 16:35:35,2020-11-14,11,2020,14,16,35,46,6
Charkoli,1.0,250,250.0,90396xxxx,1605351935,2020-11-14 16:35:35,2020-11-14,11,2020,14,16,35,46,6
Mixture1,1.0,200,200.0,83050xxxx,1605351988,2020-11-14 16:36:28,2020-11-14,11,2020,14,16,36,46,6
Ghujia,0.5,400,200.0,83050xxxx,1605351988,2020-11-14 16:36:28,2020-11-14,11,2020,14,16,36,46,6
Khaja,0.5,300,150.0,98261xxxx,1605353059,2020-11-14 16:54:19,2020-11-14,11,2020,14,16,54,46,6
Ghujia,0.5,400,200.0,98261xxxx,1605353059,2020-11-14 16:54:19,2020-11-14,11,2020,14,16,54,46,6
Namkeen,0.5,200,100.0,98261xxxx,1605353059,2020-11-14 16:54:19,2020-11-14,11,2020,14,16,54,46,6
